id,signal_date,pair,direction,entry,stop_loss,target,stop_pips,atr14,ribbon_status,osc_direction,bb_position,fire_G,fire_H,fire_I,cluster_G,cluster_H,cluster_I,status,exit_reason,exit_date,exit_price,gross_pips,net_pips,days_held,created_at,settled_at,shadow_recorded
1,2026-10-05,EUR/USD,BUY,1.125454,1.118954,1.1384539999999999,65,0.00628,ALIGNED_BEAR,BUY,0.083,1,1,1,EUR/USD_BUY_True_r1,EUR/USD_BUY_True_r1,EUR/USD_BUY_True_r1,OPEN,,,,,,,2026-10-06 07:53:48,,0
2,2026-10-05,EUR/USD,SELL,1.125454,1.131954,1.112454,65,0.00628,ALIGNED_BEAR,BUY,0.083,0,0,0,EUR/USD_SELL_False_r1,EUR/USD_SELL_False_r1,EUR/USD_SELL_False_r1,OPEN,,,,,,,2026-10-06 07:53:48,,0
3,2026-10-05,GBP/USD,BUY,1.324293,1.317293,1.338293,70,0.0071,ALIGNED_BEAR,NONE,0.257,0,0,0,GBP/USD_BUY_False_r1,GBP/USD_BUY_False_r1,GBP/USD_BUY_False_r1,OPEN,,,,,,,2026-10-06 07:53:48,,0
4,2026-10-05,GBP/USD,SELL,1.324293,1.3312929999999998,1.310293,70,0.0071,ALIGNED_BEAR,NONE,0.257,0,0,0,GBP/USD_SELL_False_r1,GBP/USD_SELL_False_r1,GBP/USD_SELL_False_r1,OPEN,,,,,,,2026-10-06 07:53:48,,0
5,2026-10-05,USD/JPY,BUY,157.733994,156.383994,160.43399399999998,135,1.36571,NEUTRAL,NONE,0.707,0,0,0,USD/JPY_BUY_False_r1,USD/JPY_BUY_False_r1,USD/JPY_BUY_False_r1,OPEN,,,,,,,2026-10-06 07:53:49,,0
6,2026-10-05,USD/JPY,SELL,157.733994,159.083994,155.033994,135,1.36571,NEUTRAL,NONE,0.707,0,0,0,USD/JPY_SELL_False_r1,USD/JPY_SELL_False_r1,USD/JPY_SELL_False_r1,OPEN,,,,,,,2026-10-06 07:53:49,,0
7,2026-10-05,USD/CHF,BUY,0.82811,0.82211,0.84011,60,0.00585,ALIGNED_BULL,NONE,0.668,0,0,0,USD/CHF_BUY_False_r1,USD/CHF_BUY_False_r1,USD/CHF_BUY_False_r1,OPEN,,,,,,,2026-10-06 07:53:49,,0
8,2026-10-05,USD/CHF,SELL,0.82811,0.83411,0.81611,60,0.00585,ALIGNED_BULL,NONE,0.668,0,0,0,USD/CHF_SELL_False_r1,USD/CHF_SELL_False_r1,USD/CHF_SELL_False_r1,OPEN,,,,,,,2026-10-06 07:53:49,,0
9,2026-10-05,USD/CAD,BUY,1.42539,1.41939,1.43739,60,0.00619,ALIGNED_BULL,SELL,0.865,0,0,0,USD/CAD_BUY_False_r1,USD/CAD_BUY_False_r1,USD/CAD_BUY_False_r1,OPEN,,,,,,,2026-10-06 07:53:49,,0
10,2026-10-05,USD/CAD,SELL,1.42539,1.43139,1.41339,60,0.00619,ALIGNED_BULL,SELL,0.865,1,1,1,USD/CAD_SELL_True_r1,USD/CAD_SELL_True_r1,USD/CAD_SELL_True_r1,OPEN,,,,,,,2026-10-06 07:53:49,,0
11,2026-10-05,AUD/USD,BUY,0.69518,0.69018,0.70518,50,0.00513,LEANING_BEAR,BUY,0.144,1,1,1,AUD/USD_BUY_True_r1,AUD/USD_BUY_True_r1,AUD/USD_BUY_True_r1,OPEN,,,,,,,2026-10-06 07:53:49,,0
12,2026-10-05,AUD/USD,SELL,0.69518,0.70018,0.68518,50,0.00513,LEANING_BEAR,BUY,0.144,0,0,0,AUD/USD_SELL_False_r1,AUD/USD_SELL_False_r1,AUD/USD_SELL_False_r1,OPEN,,,,,,,2026-10-06 07:53:49,,0
13,2026-10-05,NZD/USD,BUY,0.561731,0.557231,0.570731,45,0.00443,ALIGNED_BEAR,BUY,0.181,1,1,1,NZD/USD_BUY_True_r1,NZD/USD_BUY_True_r1,NZD/USD_BUY_True_r1,OPEN,,,,,,,2026-10-06 07:53:49,,0
14,2026-10-05,NZD/USD,SELL,0.561731,0.5662309999999999,0.552731,45,0.00443,ALIGNED_BEAR,BUY,0.181,0,0,0,NZD/USD_SELL_False_r1,NZD/USD_SELL_False_r1,NZD/USD_SELL_False_r1,OPEN,,,,,,,2026-10-06 07:53:49,,0
15,2026-10-05,EUR/JPY,BUY,177.520004,175.970004,180.620004,155,1.52582,ALIGNED_BEAR,BUY,0.088,1,1,1,EUR/JPY_BUY_True_r1,EUR/JPY_BUY_True_r1,EUR/JPY_BUY_True_r1,OPEN,,,,,,,2026-10-06 07:53:50,,0
16,2026-10-05,EUR/JPY,SELL,177.520004,179.070004,174.420004,155,1.52582,ALIGNED_BEAR,BUY,0.088,0,0,0,EUR/JPY_SELL_False_r1,EUR/JPY_SELL_False_r1,EUR/JPY_SELL_False_r1,OPEN,,,,,,,2026-10-06 07:53:50,,0
17,2026-10-05,EUR/GBP,BUY,0.8497,0.8467,0.8557,30,0.00319,ALIGNED_BEAR,BUY,-0.193,1,1,1,EUR/GBP_BUY_True_r1,EUR/GBP_BUY_True_r1,EUR/GBP_BUY_True_r1,OPEN,,,,,,,2026-10-06 07:53:50,,0
18,2026-10-05,EUR/GBP,SELL,0.8497,0.8527,0.8437,30,0.00319,ALIGNED_BEAR,BUY,-0.193,0,0,0,EUR/GBP_SELL_False_r1,EUR/GBP_SELL_False_r1,EUR/GBP_SELL_False_r1,OPEN,,,,,,,2026-10-06 07:53:50,,0
19,2026-10-05,EUR/CHF,BUY,0.93193,0.92593,0.94393,60,0.00601,NEUTRAL,NONE,-0.149,0,0,1,EUR/CHF_BUY_False_r1,EUR/CHF_BUY_False_r1,EUR/CHF_BUY_True_r1,OPEN,,,,,,,2026-10-06 07:53:50,,0
20,2026-10-05,EUR/CHF,SELL,0.93193,0.93793,0.91993,60,0.00601,NEUTRAL,NONE,-0.149,0,0,0,EUR/CHF_SELL_False_r1,EUR/CHF_SELL_False_r1,EUR/CHF_SELL_False_r1,OPEN,,,,,,,2026-10-06 07:53:50,,0
21,2026-10-05,EUR/CAD,BUY,1.60401,1.59701,1.61801,70,0.00683,ALIGNED_BEAR,NONE,0.299,0,0,0,EUR/CAD_BUY_False_r1,EUR/CAD_BUY_False_r1,EUR/CAD_BUY_False_r1,OPEN,,,,,,,2026-10-06 07:53:50,,0
22,2026-10-05,EUR/CAD,SELL,1.60401,1.6110099999999998,1.59001,70,0.00683,ALIGNED_BEAR,NONE,0.299,0,0,0,EUR/CAD_SELL_False_r1,EUR/CAD_SELL_False_r1,EUR/CAD_SELL_False_r1,OPEN,,,,,,,2026-10-06 07:53:50,,0
23,2026-10-05,EUR/AUD,BUY,1.61885,1.6093499999999998,1.6378499999999998,95,0.00944,NEUTRAL,NONE,0.546,0,0,0,EUR/AUD_BUY_False_r1,EUR/AUD_BUY_False_r1,EUR/AUD_BUY_False_r1,OPEN,,,,,,,2026-10-06 07:53:51,,0
24,2026-10-05,EUR/AUD,SELL,1.61885,1.62835,1.59985,95,0.00944,NEUTRAL,NONE,0.546,0,0,0,EUR/AUD_SELL_False_r1,EUR/AUD_SELL_False_r1,EUR/AUD_SELL_False_r1,OPEN,,,,,,,2026-10-06 07:53:51,,0
25,2026-10-05,EUR/NZD,BUY,2.00351,1.99251,2.0255099999999997,110,0.01123,CONVERGING,NONE,0.538,0,0,0,EUR/NZD_BUY_False_r1,EUR/NZD_BUY_False_r1,EUR/NZD_BUY_False_r1,OPEN,,,,,,,2026-10-06 07:53:51,,0
26,2026-10-05,EUR/NZD,SELL,2.00351,2.01451,1.9815099999999999,110,0.01123,CONVERGING,NONE,0.538,0,0,0,EUR/NZD_SELL_False_r1,EUR/NZD_SELL_False_r1,EUR/NZD_SELL_False_r1,OPEN,,,,,,,2026-10-06 07:53:51,,0
27,2026-10-05,GBP/JPY,BUY,208.889999,207.23999899999998,212.189999,165,1.64418,ALIGNED_BEAR,NONE,0.514,0,0,0,GBP/JPY_BUY_False_r1,GBP/JPY_BUY_False_r1,GBP/JPY_BUY_False_r1,OPEN,,,,,,,2026-10-06 07:53:51,,0
28,2026-10-05,GBP/JPY,SELL,208.889999,210.539999,205.58999899999998,165,1.64418,ALIGNED_BEAR,NONE,0.514,0,0,0,GBP/JPY_SELL_False_r1,GBP/JPY_SELL_False_r1,GBP/JPY_SELL_False_r1,OPEN,,,,,,,2026-10-06 07:53:51,,0
29,2026-10-05,GBP/CHF,BUY,1.09655,1.0890499999999999,1.1115499999999998,75,0.00729,ALIGNED_BULL,NONE,0.332,0,0,0,GBP/CHF_BUY_False_r1,GBP/CHF_BUY_False_r1,GBP/CHF_BUY_False_r1,OPEN,,,,,,,2026-10-06 07:53:51,,0
30,2026-10-05,GBP/CHF,SELL,1.09655,1.10405,1.08155,75,0.00729,ALIGNED_BULL,NONE,0.332,0,0,0,GBP/CHF_SELL_False_r1,GBP/CHF_SELL_False_r1,GBP/CHF_SELL_False_r1,OPEN,,,,,,,2026-10-06 07:53:51,,0
31,2026-10-05,GBP/CAD,BUY,1.88723,1.87823,1.90523,90,0.00883,LEANING_BULL,SELL,1.048,0,0,0,GBP/CAD_BUY_False_r1,GBP/CAD_BUY_False_r1,GBP/CAD_BUY_False_r1,OPEN,,,,,,,2026-10-06 07:53:51,,0
32,2026-10-05,GBP/CAD,SELL,1.88723,1.8962299999999999,1.86923,90,0.00883,LEANING_BULL,SELL,1.048,1,1,1,GBP/CAD_SELL_True_r1,GBP/CAD_SELL_True_r1,GBP/CAD_SELL_True_r1,OPEN,,,,,,,2026-10-06 07:53:51,,0
33,2026-10-05,GBP/AUD,BUY,1.90482,1.89432,1.9258199999999999,105,0.01043,NEUTRAL,SELL,0.933,0,0,0,GBP/AUD_BUY_False_r1,GBP/AUD_BUY_False_r1,GBP/AUD_BUY_False_r1,OPEN,,,,,,,2026-10-06 07:53:52,,0
34,2026-10-05,GBP/AUD,SELL,1.90482,1.91532,1.88382,105,0.01043,NEUTRAL,SELL,0.933,0,1,1,GBP/AUD_SELL_False_r1,GBP/AUD_SELL_True_r1,GBP/AUD_SELL_True_r1,OPEN,,,,,,,2026-10-06 07:53:52,,0
35,2026-10-05,GBP/NZD,BUY,2.35738,2.34388,2.38438,135,0.01338,ALIGNED_BULL,SELL,0.895,0,0,0,GBP/NZD_BUY_False_r1,GBP/NZD_BUY_False_r1,GBP/NZD_BUY_False_r1,OPEN,,,,,,,2026-10-06 07:53:52,,0
36,2026-10-05,GBP/NZD,SELL,2.35738,2.37088,2.33038,135,0.01338,ALIGNED_BULL,SELL,0.895,1,1,1,GBP/NZD_SELL_True_r1,GBP/NZD_SELL_True_r1,GBP/NZD_SELL_True_r1,OPEN,,,,,,,2026-10-06 07:53:52,,0
37,2026-10-05,CAD/JPY,BUY,110.662003,109.76200299999999,112.462003,90,0.91621,ALIGNED_BEAR,BUY,0.144,1,1,1,CAD/JPY_BUY_True_r1,CAD/JPY_BUY_True_r1,CAD/JPY_BUY_True_r1,OPEN,,,,,,,2026-10-06 07:53:52,,0
38,2026-10-05,CAD/JPY,SELL,110.662003,111.562003,108.862003,90,0.91621,ALIGNED_BEAR,BUY,0.144,0,0,0,CAD/JPY_SELL_False_r1,CAD/JPY_SELL_False_r1,CAD/JPY_SELL_False_r1,OPEN,,,,,,,2026-10-06 07:53:52,,0
39,2026-10-05,AUD/JPY,BUY,109.651001,108.651001,111.651001,100,1.02276,ALIGNED_BEAR,NONE,0.184,0,0,1,AUD/JPY_BUY_False_r1,AUD/JPY_BUY_False_r1,AUD/JPY_BUY_True_r1,OPEN,,,,,,,2026-10-06 07:53:52,,0
40,2026-10-05,AUD/JPY,SELL,109.651001,110.651001,107.651001,100,1.02276,ALIGNED_BEAR,NONE,0.184,0,0,0,AUD/JPY_SELL_False_r1,AUD/JPY_SELL_False_r1,AUD/JPY_SELL_False_r1,OPEN,,,,,,,2026-10-06 07:53:52,,0
41,2026-10-05,NZD/JPY,BUY,88.580002,87.780002,90.18000199999999,80,0.80219,ALIGNED_BEAR,BUY,0.122,1,1,1,NZD/JPY_BUY_True_r1,NZD/JPY_BUY_True_r1,NZD/JPY_BUY_True_r1,OPEN,,,,,,,2026-10-06 07:53:52,,0
42,2026-10-05,NZD/JPY,SELL,88.580002,89.38000199999999,86.980002,80,0.80219,ALIGNED_BEAR,BUY,0.122,0,0,0,NZD/JPY_SELL_False_r1,NZD/JPY_SELL_False_r1,NZD/JPY_SELL_False_r1,OPEN,,,,,,,2026-10-06 07:53:52,,0
43,2026-10-05,CHF/JPY,BUY,190.468094,188.76809400000002,193.868094,170,1.71228,ALIGNED_BEAR,NONE,0.616,0,0,0,CHF/JPY_BUY_False_r1,CHF/JPY_BUY_False_r1,CHF/JPY_BUY_False_r1,OPEN,,,,,,,2026-10-06 07:53:53,,0
44,2026-10-05,CHF/JPY,SELL,190.468094,192.168094,187.068094,170,1.71228,ALIGNED_BEAR,NONE,0.616,0,0,0,CHF/JPY_SELL_False_r1,CHF/JPY_SELL_False_r1,CHF/JPY_SELL_False_r1,OPEN,,,,,,,2026-10-06 07:53:53,,0
45,2026-10-05,AUD/CAD,BUY,0.99078,0.98478,1.00278,60,0.00623,NEUTRAL,NONE,0.342,0,0,0,AUD/CAD_BUY_False_r1,AUD/CAD_BUY_False_r1,AUD/CAD_BUY_False_r1,OPEN,,,,,,,2026-10-06 07:53:53,,0
46,2026-10-05,AUD/CAD,SELL,0.99078,0.99678,0.97878,60,0.00623,NEUTRAL,NONE,0.342,0,0,0,AUD/CAD_SELL_False_r1,AUD/CAD_SELL_False_r1,AUD/CAD_SELL_False_r1,OPEN,,,,,,,2026-10-06 07:53:53,,0
47,2026-10-05,AUD/CHF,BUY,0.575657,0.571157,0.584657,45,0.00433,NEUTRAL,NONE,-0.079,0,0,1,AUD/CHF_BUY_False_r1,AUD/CHF_BUY_False_r1,AUD/CHF_BUY_True_r1,OPEN,,,,,,,2026-10-06 07:53:53,,0
48,2026-10-05,AUD/CHF,SELL,0.575657,0.5801569999999999,0.566657,45,0.00433,NEUTRAL,NONE,-0.079,0,0,0,AUD/CHF_SELL_False_r1,AUD/CHF_SELL_False_r1,AUD/CHF_SELL_False_r1,OPEN,,,,,,,2026-10-06 07:53:53,,0
49,2026-10-05,AUD/NZD,BUY,1.23759,1.23009,1.2525899999999999,75,0.0073,CONVERGING,NONE,0.501,0,0,0,AUD/NZD_BUY_False_r1,AUD/NZD_BUY_False_r1,AUD/NZD_BUY_False_r1,OPEN,,,,,,,2026-10-06 07:53:53,,0
50,2026-10-05,AUD/NZD,SELL,1.23759,1.24509,1.22259,75,0.0073,CONVERGING,NONE,0.501,0,0,0,AUD/NZD_SELL_False_r1,AUD/NZD_SELL_False_r1,AUD/NZD_SELL_False_r1,OPEN,,,,,,,2026-10-06 07:53:53,,0
51,2026-10-05,NZD/CAD,BUY,0.80038,0.79538,0.81038,50,0.00522,CONVERGING,NONE,0.363,0,0,0,NZD/CAD_BUY_False_r1,NZD/CAD_BUY_False_r1,NZD/CAD_BUY_False_r1,OPEN,,,,,,,2026-10-06 07:53:53,,0
52,2026-10-05,NZD/CAD,SELL,0.80038,0.80538,0.79038,50,0.00522,CONVERGING,NONE,0.363,0,0,0,NZD/CAD_SELL_False_r1,NZD/CAD_SELL_False_r1,NZD/CAD_SELL_False_r1,OPEN,,,,,,,2026-10-06 07:53:53,,0
53,2026-10-05,NZD/CHF,BUY,0.46499,0.46149,0.47199,35,0.0035,NEUTRAL,BUY,-0.002,0,1,1,NZD/CHF_BUY_False_r1,NZD/CHF_BUY_True_r1,NZD/CHF_BUY_True_r1,OPEN,,,,,,,2026-10-06 07:53:54,,0
54,2026-10-05,NZD/CHF,SELL,0.46499,0.46849,0.45799,35,0.0035,NEUTRAL,BUY,-0.002,0,0,0,NZD/CHF_SELL_False_r1,NZD/CHF_SELL_False_r1,NZD/CHF_SELL_False_r1,OPEN,,,,,,,2026-10-06 07:53:54,,0
55,2026-10-05,CAD/CHF,BUY,0.58091,0.5774100000000001,0.58791,35,0.00353,LEANING_BULL,NONE,-0.125,0,0,1,CAD/CHF_BUY_False_r1,CAD/CHF_BUY_False_r1,CAD/CHF_BUY_True_r1,OPEN,,,,,,,2026-10-06 07:53:54,,0
56,2026-10-05,CAD/CHF,SELL,0.58091,0.58441,0.57391,35,0.00353,LEANING_BULL,NONE,-0.125,0,0,0,CAD/CHF_SELL_False_r1,CAD/CHF_SELL_False_r1,CAD/CHF_SELL_False_r1,OPEN,,,,,,,2026-10-06 07:53:54,,0
