id,date,scan_mode,pair,direction,entry,stop_loss,t2_price,confidence,eff_conf,grade,da_grade_before,rr,mtf_agreeing_count,dd_mode,conf_threshold,status,opened_at,closed_at,exit_price,pips,net_pips,notes
1,2026-09-03,prelondon,AUD/CHF,SELL,0.5801,0.5877,0.5649,7,6,F,F,2.0,2,,,WIN,2026-09-03 05:16:27,2026-09-03 08:07:22,0.5649,152.0,146.5,
2,2026-09-04,london,AUD/CHF,SELL,0.5801,0.5877,0.5649,7,6,F,F,2.0,2,,,WIN,2026-09-03 12:14:26,2026-09-07 00:08:25,0.5649,152.0,144.4,
3,2026-09-04,london,AUD/NZD,SELL,1.2105,1.218,1.1955,8,8,C,B,2.0,3,,,LOSS,2026-09-03 12:14:26,2026-09-03 12:31:19,1.218,-75.0,-80.4,
4,2026-09-04,prelondon,GBP/CAD,BUY,1.8664,1.8583,1.8826,7,7,C,C,2.0,2,,,WIN,2026-09-04 05:17:04,2026-09-18 05:31:20,1.868939995765686,25.4,30.7,
5,2026-09-04,preny,CAD/CHF,SELL,0.5895,0.5961,0.5763,7,5,F,F,2.0,2,,,WIN,2026-09-04 11:17:19,2026-09-07 00:08:25,0.5763,132.0,125.5,
6,2026-09-05,london,AUD/CHF,SELL,0.5824,0.59,0.5672,7,6,F,F,2.0,2,,,WIN,2026-09-04 12:16:33,2026-09-07 00:08:25,0.5672,152.0,145.1,
7,2026-09-05,london,AUD/NZD,SELL,1.227,1.2349,1.2112,7,7,D,C,2.0,2,,,LOSS,2026-09-04 12:16:33,2026-09-09 08:31:22,1.2349,-79.0,-85.0,
8,2026-09-07,full,AUD/NZD,SELL,1.2236,1.239,1.1928,8,6,C,B,2.0,2,,,LOSS,2026-09-06 18:19:22,2026-09-16 00:31:20,1.239,-154.0,-160.5,"2026-09-09 backfill: grade/da_grade_before/confidence corrected from the pre-fix frozen creation-time values (F/D/7) to the LATEST real analysis (C/B/8), cross-referenced against data/research_trades.csv's independent log of the same real Sonnet analyses that day. This is what admitted A_control/C_grade_based/E_no_dd_gate at 11:18 -- it does NOT necessarily reflect the earlier real analysis (D/C/7) that admitted B_conf6_rr15/D_no_da at 05:19 that same morning; a single shared row can't represent two distinct admitting moments. eff_conf and mtf_agreeing_count are UNCHANGED and UNVERIFIED -- no independent source exists for either. See project_virtual_books_stale_grade_fix_sep2026.md for the full investigation."
9,2026-09-07,morning,USD/JPY,BUY,155.66,154.08,158.82,8,8,D,C,2.0,2,,,WIN,2026-09-06 21:18:18,2026-09-07 00:08:25,158.82,316.0,313.9,
10,2026-09-07,morning,CAD/JPY,BUY,112.88,111.75,115.14,7,7,D,C,2.0,2,,,LOSS,2026-09-06 21:18:18,2026-09-07 08:31:15,111.75,-113.0,-116.7,
11,2026-09-07,morning,GBP/CAD,BUY,1.8654,1.8573,1.8816,7,6,D,C,2.0,2,,,WIN,2026-09-06 21:18:18,2026-09-20 21:31:17,1.8736399412155151,82.4,87.7,"2026-09-09 backfill: da_grade_before/confidence corrected from the pre-fix frozen creation-time values (D/6) to the LATEST real analysis (C/7), cross-referenced against data/research_trades.csv. grade itself (D) was already correct -- it never changed between analyses. This is what admitted D_no_da at 05:19. eff_conf and mtf_agreeing_count are UNCHANGED and UNVERIFIED -- no independent source exists for either. See project_virtual_books_stale_grade_fix_sep2026.md."
12,2026-09-07,prelondon,AUD/CHF,SELL,0.5814,0.5888,0.5666,7,6,F,F,2.0,3,normal,5.5,LOSS,2026-09-07 05:19:39,2026-09-21 05:31:22,0.5863199830055237,-49.2,-63.2,
13,2026-09-07,prelondon,EUR/JPY,BUY,181.005,179.5728,183.8694,8,8,C,B,2.0,3,normal,5.5,LOSS,2026-09-07 05:19:39,2026-09-07 08:31:15,179.5728,-143.2,-147.0,
14,2026-09-07,prelondon,EUR/AUD,BUY,1.6147,1.6068,1.6305,8,7,C,B,2.0,3,normal,5.5,LOSS,2026-09-07 05:19:39,2026-09-21 05:31:22,1.6107800006866455,-39.2,-47.4,
15,2026-09-07,preny,NZD/JPY,BUY,91.601,90.501,93.801,8,8,D,C,2.0,2,normal,6.0,LOSS,2026-09-07 11:18:36,2026-09-07 21:01:36,90.501,-110.0,-113.7,
16,2026-09-07,preny,GBP/AUD,BUY,1.8785,1.8685,1.8985,7,6,F,F,2.0,3,normal,6.0,LOSS,2026-09-07 11:18:37,2026-09-21 11:31:20,1.8764100074768066,-20.9,-23.4,
17,2026-09-08,london,EUR/JPY,BUY,181.005,179.577,183.861,8,8,C,B,2.0,3,normal,6.5,LOSS,2026-09-07 13:42:05,2026-09-07 14:31:33,179.577,-142.8,-146.8,
18,2026-09-08,london,USD/JPY,BUY,155.66,154.03,158.92,8,8,C,B,2.0,3,normal,6.5,LOSS,2026-09-07 13:42:05,2026-09-07 23:31:57,154.03,-163.0,-164.5,
19,2026-09-08,london,CAD/JPY,BUY,112.88,111.89,114.86,7,7,C,C,2.0,2,normal,6.0,LOSS,2026-09-07 13:42:05,2026-09-07 14:31:33,111.89,-99.0,-103.0,
20,2026-09-08,london,EUR/AUD,BUY,1.6147,1.6068,1.6305,8,8,B,B,2.0,3,normal,6.5,LOSS,2026-09-07 13:42:05,2026-09-21 14:31:32,1.6099400520324707,-47.6,-55.8,
21,2026-09-08,london,AUD/NZD,SELL,1.2236,1.239,1.1928,8,8,C,B,2.0,3,caution,6.5,LOSS,2026-09-07 13:42:05,2026-09-16 00:31:20,1.239,-154.0,-160.4,
22,2026-09-08,london,GBP/AUD,BUY,1.8785,1.8685,1.8985,7,6,F,F,2.0,3,normal,6.0,LOSS,2026-09-07 13:42:05,2026-09-21 14:31:32,1.8772200345993042,-12.8,-15.3,
23,2026-09-08,prelondon,AUD/CHF,SELL,0.5836,0.591,0.5688,8,8,F,F,2.0,3,caution,6.5,LOSS,2026-09-08 05:18:55,2026-09-22 05:31:19,0.5840799808502197,-4.8,-18.8,
24,2026-09-08,prelondon,GBP/JPY,BUY,210.5,209.34,212.82,7,7,D,C,2.0,2,caution,6.5,LOSS,2026-09-08 05:18:55,2026-09-08 05:31:20,209.34,-116.0,-120.0,
25,2026-09-08,prelondon,CHF/JPY,BUY,192.84,189.95,198.62,8,8,C,B,2.0,3,normal,6.5,LOSS,2026-09-08 05:18:55,2026-09-08 05:31:20,189.95,-289.0,-293.0,
26,2026-09-08,preny,AUD/CAD,SELL,0.9965,0.9999,0.9897,6,6,D,D,2.0,2,caution,6.5,WIN,2026-09-08 11:20:07,2026-09-10 16:01:39,0.9897,68.0,61.9,
27,2026-09-09,london,AUD/CHF,SELL,0.5836,0.5873,0.5762,7,7,F,F,2.0,2,caution,6.5,LOSS,2026-09-08 12:18:20,2026-09-17 08:01:39,0.5873,-37.0,-47.9,
28,2026-09-09,london,USD/JPY,BUY,156.197,155.311,157.969,8,8,B,B,2.0,3,caution,6.5,LOSS,2026-09-08 12:18:20,2026-09-09 02:31:41,155.311,-88.6,-89.7,
29,2026-09-09,london,EUR/AUD,BUY,1.6116,1.6038,1.6272,8,8,C,B,2.0,3,caution,6.5,LOSS,2026-09-08 12:18:20,2026-09-22 12:31:22,1.611780047416687,1.8,-6.4,
30,2026-09-09,london,AUD/CAD,SELL,0.99778,1.00398,0.98538,6,6,D,D,2.0,2,caution,6.5,LOSS,2026-09-08 12:18:20,2026-09-22 12:31:22,0.9986900091171265,-9.1,-18.7,
31,2026-09-09,london,AUD/NZD,SELL,1.225,1.2364,1.2022,7,7,D,C,2.0,3,caution,6.5,LOSS,2026-09-08 12:18:20,2026-09-09 21:01:41,1.2364,-114.0,-119.6,
32,2026-09-09,full,GBP/JPY,BUY,211.141,209.721,213.981,7,7,F,D,2.0,2,caution,6.5,LOSS,2026-09-08 18:22:24,2026-09-09 02:31:41,209.721,-142.0,-145.2,
33,2026-09-09,full,AUD/USD,SELL,0.722,0.7312,0.7036,7,8,F,D,2.0,2,caution,6.5,WIN,2026-09-08 18:22:24,2026-09-22 18:31:25,0.7115918397903442,104.1,105.4,
34,2026-09-09,morning,EUR/JPY,BUY,181.403,180.188,183.833,9,9,C,B,2.0,3,caution,6.5,LOSS,2026-09-08 21:18:35,2026-09-09 02:31:41,180.188,-121.5,-125.2,
35,2026-09-09,prelondon,AUD/JPY,BUY,111.092,109.982,113.312,8,8,C,C,2.0,2,caution,6.5,LOSS,2026-09-09 05:18:20,2026-09-13 23:31:24,109.982,-111.0,-109.8,
36,2026-09-09,prelondon,NZD/JPY,BUY,90.494,89.25,92.982,7,7,D,C,2.0,2,caution,6.5,LOSS,2026-09-09 05:18:20,2026-09-14 00:01:41,89.25,-124.4,-124.6,
37,2026-09-09,prelondon,CAD/JPY,BUY,111.449,110.227,113.893,7,7,F,D,2.0,2,caution,6.5,WIN,2026-09-09 05:18:20,2026-09-23 05:31:17,111.9469985961914,49.8,56.5,
38,2026-09-09,prelondon,CHF/JPY,BUY,190.151,188.227,193.999,8,8,B,B,2.0,3,caution,6.5,LOSS,2026-09-09 05:18:20,2026-09-11 15:02:12,188.227,-192.4,-196.7,
39,2026-09-09,prelondon,GBP/AUD,BUY,1.8759,1.8632,1.9013,7,7,F,F,2.0,3,caution,6.5,LOSS,2026-09-09 05:18:20,2026-09-23 05:31:17,1.874400019645691,-15.0,-17.5,
40,2026-09-10,london,AUD/JPY,BUY,111.092,109.892,113.492,6,6,D,D,2.0,2,caution,6.5,LOSS,2026-09-09 12:31:48,2026-09-14 00:01:41,109.892,-120.0,-119.1,
41,2026-09-10,london,AUD/CHF,SELL,0.5841,0.5915,0.5693,7,7,F,F,2.0,2,caution,6.5,WIN,2026-09-09 12:31:48,2026-09-23 13:01:32,0.581570029258728,25.3,11.2,
42,2026-09-10,london,GBP/JPY,BUY,208.42,207.21,210.84,7,7,F,D,2.0,2,caution,6.5,WIN,2026-09-09 12:31:48,2026-09-18 08:31:24,210.84,242.0,258.1,
43,2026-09-10,london,USD/JPY,BUY,153.855,151.945,157.675,8,8,C,B,2.0,3,caution,6.5,WIN,2026-09-09 12:31:48,2026-09-18 08:31:24,157.675,382.0,397.6,
44,2026-09-10,london,NZD/JPY,BUY,90.2,89.5,91.6,8,8,C,C,2.0,2,caution,6.5,LOSS,2026-09-09 12:31:48,2026-09-10 13:31:20,89.5,-70.0,-73.2,
45,2026-09-10,london,AUD/NZD,SELL,1.2275,1.2353,1.2119,7,7,D,C,2.0,2,caution,6.5,LOSS,2026-09-09 12:31:48,2026-09-09 15:01:43,1.2353,-78.0,-83.4,
46,2026-09-10,full,EUR/JPY,BUY,178.897,177.5643,181.5624,8,8,C,B,2.0,3,caution,6.5,WIN,2026-09-09 18:22:54,2026-09-23 18:31:24,180.19000244140625,129.3,146.9,
47,2026-09-10,full,CAD/JPY,BUY,111.449,110.249,113.849,7,7,F,D,2.0,2,caution,6.5,WIN,2026-09-09 18:22:54,2026-09-23 18:31:25,112.29499816894531,84.6,91.3,
48,2026-09-10,full,GBP/NZD,SELL,2.301,2.3147,2.2736,7,7,D,C,2.0,2,caution,6.5,LOSS,2026-09-09 18:22:54,2026-09-09 18:31:22,2.3147,-137.0,-142.4,
49,2026-09-10,morning,CHF/JPY,BUY,190.151,188.275,193.903,7,7,D,C,2.0,3,caution,6.5,LOSS,2026-09-09 21:19:30,2026-09-11 15:02:12,188.275,-187.6,-191.9,
50,2026-09-10,prelondon,NZD/CHF,BUY,0.47481,0.47151,0.48141,6,6,D,D,2.0,2,caution,6.5,LOSS,2026-09-10 05:19:01,2026-09-10 13:31:20,0.47151,-33.0,-38.3,
51,2026-09-11,london,NZD/CAD,BUY,0.8062,0.8003,0.818,7,7,C,C,2.0,2,caution,6.5,LOSS,2026-09-10 12:25:24,2026-09-15 07:01:37,0.8003,-59.0,-63.6,
52,2026-09-11,london,AUD/JPY,BUY,110.817,109.709,113.033,6,6,D,D,2.0,2,caution,6.5,WIN,2026-09-10 12:25:24,2026-09-24 12:31:14,111.61399841308594,79.7,91.0,
53,2026-09-11,london,AUD/CHF,SELL,0.5841,0.5877,0.5769,8,8,F,F,2.0,3,caution,6.5,LOSS,2026-09-10 12:25:24,2026-09-18 08:01:29,0.5877,-36.0,-46.2,
54,2026-09-11,london,USD/JPY,BUY,154.25,152.63,157.49,8,8,C,B,2.0,3,caution,6.5,WIN,2026-09-10 12:25:24,2026-09-18 08:01:29,157.49,324.0,337.6,
55,2026-09-11,london,NZD/JPY,BUY,89.902,88.817,92.072,7,7,D,C,2.0,2,caution,6.5,WIN,2026-09-10 12:25:24,2026-09-24 12:31:14,90.03600311279297,13.4,20.6,
56,2026-09-11,london,NZD/CHF,BUY,0.47481,0.47151,0.48141,6,6,D,D,2.0,2,caution,6.5,LOSS,2026-09-10 12:25:24,2026-09-10 13:31:20,0.47151,-33.0,-38.4,
57,2026-09-11,london,CHF/JPY,BUY,189.667,187.869,193.263,8,8,C,B,2.0,3,caution,6.5,WIN,2026-09-10 12:25:24,2026-09-24 12:31:15,191.9219970703125,225.5,219.7,
58,2026-09-11,london,AUD/NZD,SELL,1.2324,1.2403,1.2166,7,7,D,C,2.0,2,caution,6.5,LOSS,2026-09-10 12:25:24,2026-09-16 01:01:35,1.2403,-79.0,-85.1,
59,2026-09-11,london,GBP/NZD,SELL,2.309,2.323,2.281,6,6,D,D,2.0,2,caution,6.5,LOSS,2026-09-10 12:25:24,2026-09-10 12:31:22,2.323,-140.0,-145.4,
60,2026-09-11,full,GBP/JPY,BUY,207.852,205.972,211.612,7,7,F,D,2.0,2,caution,6.5,WIN,2026-09-10 18:22:48,2026-09-24 18:31:19,209.93299865722656,208.1,236.0,
61,2026-09-11,full,EUR/NZD,SELL,1.9845,1.9966,1.9603,7,7,D,C,2.0,2,caution,6.5,LOSS,2026-09-10 18:22:48,2026-09-10 18:31:28,1.9966,-121.0,-126.4,
62,2026-09-12,london,AUD/JPY,BUY,110.885,109.742,113.171,6,6,D,D,2.0,2,caution,6.5,LOSS,2026-09-11 12:23:14,2026-09-14 00:01:41,109.742,-114.3,-115.6,
63,2026-09-12,london,AUD/CHF,SELL,0.5844,0.5916,0.57,8,8,F,F,2.0,3,caution,6.5,WIN,2026-09-11 12:23:14,2026-09-25 12:31:34,0.5821800231933594,22.2,8.1,
64,2026-09-12,london,USD/JPY,BUY,153.573,152.043,156.633,8,8,C,B,2.0,3,caution,6.5,WIN,2026-09-11 12:23:14,2026-09-18 03:31:19,156.633,306.0,317.1,
65,2026-09-12,london,CHF/JPY,BUY,189.58,187.8,193.14,7,7,D,C,2.0,3,caution,6.5,WIN,2026-09-11 12:23:14,2026-09-25 12:31:34,190.43499755859375,85.5,79.7,
66,2026-09-12,london,AUD/NZD,SELL,1.2355,1.2432,1.2201,7,7,D,C,2.0,2,caution,6.5,LOSS,2026-09-11 12:23:14,2026-09-18 01:01:28,1.2432,-77.0,-83.2,
67,2026-09-14,full,AUD/JPY,BUY,110.117,109.0711,112.2088,8,8,C,B,2.0,3,caution,6.5,WIN,2026-09-13 18:20:22,2026-09-18 08:01:29,112.2088,209.2,210.1,
68,2026-09-14,full,EUR/JPY,BUY,180.95,179.3,184.25,8,8,C,B,2.0,2,caution,6.5,LOSS,2026-09-13 18:20:22,2026-09-13 18:31:22,179.3,-165.0,-169.0,
69,2026-09-14,full,NZD/JPY,BUY,89.298,88.3372,91.2196,8,8,C,B,2.0,3,caution,6.5,LOSS,2026-09-13 18:20:22,2026-09-27 18:31:26,88.9540023803711,-34.4,-27.3,
70,2026-09-14,full,CHF/JPY,BUY,188.066,186.2677,191.6626,7,7,D,C,2.0,2,caution,6.5,WIN,2026-09-13 18:20:22,2026-09-21 15:01:42,191.6626,359.7,354.7,
71,2026-09-14,full,AUD/NZD,SELL,1.238,1.2457,1.2226,7,7,D,C,2.0,2,caution,6.5,LOSS,2026-09-13 18:20:22,2026-09-18 07:31:20,1.2457,-77.0,-83.0,
72,2026-09-14,full,EUR/NZD,SELL,1.9998,2.0244,1.9506,8,8,D,C,2.0,2,caution,8.0,LOSS,2026-09-13 18:20:22,2026-09-27 18:31:26,2.0130200386047363,-132.2,-136.8,
73,2026-09-14,morning,GBP/JPY,BUY,209.8,207.9,213.6,7,7,F,D,2.0,2,caution,6.5,LOSS,2026-09-13 21:18:13,2026-09-13 21:31:09,207.9,-190.0,-194.0,
74,2026-09-14,morning,GBP/NZD,SELL,2.315,2.332,2.281,7,7,D,D,2.0,3,caution,6.5,LOSS,2026-09-13 21:18:13,2026-09-14 01:31:15,2.332,-170.0,-175.5,
75,2026-09-14,prelondon,GBP/CHF,SELL,1.095,1.1002,1.0846,7,7,F,F,2.0,3,caution,6.5,LOSS,2026-09-14 05:19:47,2026-09-14 05:31:23,1.1002,-52.0,-57.4,
76,2026-09-14,prelondon,NZD/CHF,BUY,0.472,0.4687,0.4786,6,6,D,D,2.0,2,caution,6.5,LOSS,2026-09-14 05:19:47,2026-09-21 21:01:39,0.4687,-33.0,-35.0,
77,2026-09-14,prelondon,USD/CHF,SELL,0.8093,0.815,0.7979,7,7,D,C,2.0,3,caution,6.5,LOSS,2026-09-14 05:19:47,2026-09-14 05:31:23,0.815,-57.0,-59.2,
78,2026-09-14,prelondon,CAD/JPY,BUY,110.9,109.853,112.994,7,7,D,C,2.0,2,caution,6.5,WIN,2026-09-14 05:19:47,2026-09-28 05:31:23,111.44499969482422,54.5,61.1,
79,2026-09-15,london,AUD/JPY,BUY,110.54,109.5,112.62,8,8,B,B,2.0,2,caution,6.5,WIN,2026-09-14 14:09:47,2026-09-28 14:31:26,110.43199920654297,-10.8,0.4,
80,2026-09-15,london,EUR/JPY,BUY,180.845,179.27,183.995,7,7,D,C,2.0,2,caution,6.5,LOSS,2026-09-14 14:09:47,2026-09-14 14:31:25,179.27,-157.5,-161.5,
81,2026-09-15,london,GBP/JPY,BUY,208.676,206.806,212.416,7,7,F,F,2.0,2,caution,6.5,WIN,2026-09-14 14:09:47,2026-09-28 14:31:26,208.5240020751953,-15.2,12.8,
82,2026-09-15,london,GBP/CHF,SELL,1.095,1.1002,1.0846,8,8,F,F,2.0,2,caution,6.5,LOSS,2026-09-14 14:09:47,2026-09-14 14:31:25,1.1002,-52.0,-57.4,
83,2026-09-15,london,USD/CHF,SELL,0.811,0.8182,0.7966,7,7,D,C,2.0,3,caution,6.5,LOSS,2026-09-14 14:09:47,2026-09-14 14:31:25,0.8182,-72.0,-74.2,
84,2026-09-15,london,NZD/JPY,BUY,91.5,90.3,93.9,8,8,C,B,2.0,3,caution,6.5,LOSS,2026-09-14 14:09:47,2026-09-14 14:31:25,90.3,-120.0,-124.0,
85,2026-09-15,london,CAD/JPY,BUY,110.95,110.58,111.69,7,7,D,C,2.0,2,caution,6.5,WIN,2026-09-14 14:09:47,2026-09-16 20:31:11,111.69,74.0,71.7,
86,2026-09-15,london,CHF/JPY,BUY,192.643,190.821,196.287,7,7,D,C,2.0,2,caution,6.5,LOSS,2026-09-14 14:09:47,2026-09-14 14:31:25,190.821,-182.2,-186.2,
87,2026-09-15,london,AUD/NZD,SELL,1.236,1.2437,1.2206,7,7,D,C,2.0,2,caution,6.5,LOSS,2026-09-14 14:09:47,2026-09-18 01:01:28,1.2437,-77.0,-82.8,
88,2026-09-15,full,USD/JPY,BUY,155.256,153.797,158.174,7,7,D,C,2.0,2,caution,6.5,WIN,2026-09-14 18:21:54,2026-09-23 14:31:16,158.174,291.8,307.6,
89,2026-09-15,full,GBP/NZD,SELL,2.3195,2.3385,2.2815,8,8,F,F,2.0,2,caution,6.5,LOSS,2026-09-14 18:21:54,2026-09-15 02:01:28,2.3385,-190.0,-195.6,
90,2026-09-15,prelondon,CAD/CHF,SELL,0.5888,0.5952,0.576,7,7,F,D,2.0,1,caution,6.5,WIN,2026-09-15 05:19:10,2026-09-29 05:31:21,0.5875599980354309,12.4,0.8,
91,2026-09-16,london,AUD/JPY,BUY,109.727,108.6908,111.7994,7,7,C,B,2.0,2,caution,8.0,WIN,2026-09-15 12:50:57,2026-09-18 03:31:19,111.7994,207.2,206.0,
92,2026-09-16,london,EUR/JPY,BUY,179.369,177.809,182.489,7,7,D,C,2.0,2,caution,6.5,LOSS,2026-09-15 12:50:57,2026-09-29 13:01:40,178.5399932861328,-82.9,-65.2,
93,2026-09-16,london,GBP/CHF,SELL,1.1075,1.118,1.0865,8,8,F,F,2.0,2,caution,6.5,WIN,2026-09-15 12:50:57,2026-09-29 13:01:41,1.1026999950408936,48.0,24.5,
94,2026-09-16,london,USD/JPY,BUY,153.424,151.883,156.506,7,7,D,C,2.0,2,caution,6.5,WIN,2026-09-15 12:50:57,2026-09-18 03:01:38,156.506,308.2,311.1,
95,2026-09-16,london,CAD/JPY,BUY,110.636,109.317,113.274,7,7,D,C,2.0,2,caution,8.0,WIN,2026-09-15 12:50:57,2026-09-29 13:01:41,110.96199798583984,32.6,39.2,
96,2026-09-16,london,CHF/JPY,BUY,186.5,184.46,190.58,7,7,D,C,2.0,2,caution,8.0,WIN,2026-09-15 12:50:57,2026-09-18 04:01:26,190.58,408.0,403.6,
97,2026-09-16,london,AUD/NZD,SELL,1.234,1.252,1.198,8,8,C,B,2.0,2,caution,8.0,LOSS,2026-09-15 12:50:57,2026-09-29 13:01:41,1.2377099990844727,-37.1,-44.2,
98,2026-09-16,full,AUD/CHF,SELL,0.5865,0.5939,0.5717,7,7,F,F,2.0,2,caution,8.0,WIN,2026-09-15 18:21:58,2026-09-29 18:31:18,0.5822200179100037,42.8,28.7,
99,2026-09-16,full,USD/CHF,SELL,0.815,0.8207,0.8036,7,7,D,C,2.0,3,caution,8.0,LOSS,2026-09-15 18:21:58,2026-09-16 18:31:28,0.8207,-57.0,-60.4,
100,2026-09-16,full,GBP/NZD,SELL,2.322,2.336,2.294,9,9,F,F,2.0,3,caution,8.0,LOSS,2026-09-15 18:21:58,2026-09-15 18:31:21,2.336,-140.0,-145.4,
101,2026-09-16,full,EUR/NZD,SELL,1.988,2.0,1.964,8,8,D,C,2.0,2,caution,8.0,LOSS,2026-09-15 18:21:58,2026-09-15 18:31:22,2.0,-120.0,-125.4,
102,2026-09-16,morning,GBP/JPY,BUY,209.62,208.0,212.86,7,7,F,F,2.0,2,caution,6.5,LOSS,2026-09-15 21:18:39,2026-09-17 15:01:31,208.0,-162.0,-162.0,
103,2026-09-16,morning,CAD/CHF,SELL,0.586,0.5924,0.5732,7,7,F,D,2.0,1,caution,6.5,LOSS,2026-09-15 21:18:39,2026-09-29 21:31:20,0.5872099995613098,-12.1,-23.7,
104,2026-09-17,london,AUD/JPY,BUY,110.85,109.75,113.05,7,7,B,B,2.0,2,caution,6.5,LOSS,2026-09-16 12:46:07,2026-09-29 17:02:10,109.75,-110.0,-99.6,
105,2026-09-17,london,EUR/JPY,BUY,179.6,178.49,181.82,7,7,D,C,2.0,2,caution,8.0,LOSS,2026-09-16 12:46:07,2026-09-28 08:31:23,178.49,-111.0,-96.7,
106,2026-09-17,london,CHF/JPY,BUY,190.3,188.47,193.96,6,6,D,D,2.0,3,caution,8.0,LOSS,2026-09-16 12:46:07,2026-09-29 17:02:10,188.47,-183.0,-188.8,
107,2026-09-17,london,AUD/NZD,SELL,1.238,1.2456,1.2228,8,8,B,B,2.0,2,caution,8.0,LOSS,2026-09-16 12:46:07,2026-09-18 07:31:20,1.2456,-76.0,-81.6,
108,2026-09-17,full,NZD/JPY,BUY,89.2,88.02,91.56,7,7,D,C,2.0,2,caution,8.0,LOSS,2026-09-16 18:22:13,2026-09-30 18:31:18,88.59700012207031,-60.3,-53.2,
109,2026-09-17,full,USD/CHF,SELL,0.8171,0.8281,0.7951,8,8,B,B,2.0,3,caution,8.0,LOSS,2026-09-16 18:22:13,2026-09-24 13:31:26,0.8281,-110.0,-121.1,
110,2026-09-17,full,CAD/JPY,BUY,111.066,110.0,113.198,7,7,D,C,2.0,2,caution,8.0,LOSS,2026-09-16 18:22:13,2026-09-30 18:31:18,110.59300231933594,-47.3,-40.7,
111,2026-09-17,full,GBP/NZD,SELL,2.3362,2.3548,2.299,8,8,F,F,2.0,2,caution,8.0,LOSS,2026-09-16 18:22:13,2026-09-30 18:31:19,2.354170083999634,-179.7,-191.8,
112,2026-09-17,full,NZD/USD,BUY,0.5779,0.5728,0.5881,7,6,D,C,2.0,2,caution,8.0,LOSS,2026-09-16 18:22:13,2026-09-16 19:01:32,0.5728,-51.0,-53.2,
113,2026-09-17,full,NZD/CAD,BUY,0.803,0.7972,0.8146,7,7,C,C,2.0,2,caution,8.0,LOSS,2026-09-16 18:22:13,2026-09-30 18:31:19,0.8010900020599365,-19.1,-22.2,
114,2026-09-17,prelondon,AUD/CHF,SELL,0.573,0.5832,0.5526,8,8,C,B,2.0,3,caution,6.5,LOSS,2026-09-17 05:18:09,2026-09-17 05:31:20,0.5832,-102.0,-107.4,
115,2026-09-17,preny,USD/CAD,SELL,1.3905,1.3973,1.3769,8,7,D,C,2.0,2,caution,8.0,LOSS,2026-09-17 11:17:51,2026-09-17 11:31:24,1.3973,-68.0,-70.2,
116,2026-09-18,london,USD/CHF,SELL,0.8185,0.8238,0.8079,8,8,C,B,2.0,3,caution,7.0,LOSS,2026-09-17 12:45:25,2026-09-17 15:31:22,0.8238,-53.0,-55.4,
117,2026-09-18,london,CAD/JPY,BUY,110.95,109.9,113.05,7,7,D,C,2.0,2,caution,8.0,WIN,2026-09-17 12:45:25,2026-10-01 13:01:34,110.93800354003906,-1.2,5.4,
118,2026-09-18,london,AUD/NZD,SELL,1.239,1.2465,1.224,8,8,C,B,2.0,3,caution,7.0,LOSS,2026-09-17 12:45:25,2026-09-18 10:31:22,1.2465,-75.0,-80.5,
119,2026-09-18,full,EUR/JPY,BUY,179.369,178.392,181.323,7,7,D,C,2.0,2,caution,7.0,WIN,2026-09-17 18:23:46,2026-09-18 09:31:25,181.323,195.4,192.3,
120,2026-09-18,full,GBP/NZD,SELL,2.338,2.3523,2.3094,8,8,F,F,2.0,2,caution,7.0,LOSS,2026-09-17 18:23:46,2026-09-30 11:31:19,2.3523,-143.0,-154.5,
121,2026-09-18,full,NZD/USD,BUY,0.5751,0.5701,0.5851,7,6,C,C,2.0,2,caution,8.0,LOSS,2026-09-17 18:23:46,2026-09-22 02:01:25,0.5701,-50.0,-53.2,
122,2026-09-18,morning,GBP/USD,BUY,1.3474,1.3412,1.3598,8,8,C,C,2.0,2,caution,7.0,LOSS,2026-09-17 21:17:49,2026-09-17 21:31:20,1.3412,-62.0,-64.2,
123,2026-09-18,prelondon,AUD/CHF,SELL,0.585,0.592,0.571,8,8,B,B,2.0,3,caution,7.0,WIN,2026-09-18 05:17:54,2026-10-02 05:31:13,0.575190007686615,98.1,84.0,
124,2026-09-18,prelondon,EUR/AUD,BUY,1.6298,1.6078,1.6738,8,8,C,B,2.0,3,caution,7.0,LOSS,2026-09-18 05:17:54,2026-09-22 21:01:35,1.6078,-220.0,-226.4,
125,2026-09-18,prelondon,EUR/USD,BUY,1.147,1.1417,1.1576,7,6,D,C,2.0,2,caution,7.0,LOSS,2026-09-18 05:17:54,2026-09-23 10:01:32,1.1417,-53.0,-57.9,
126,2026-09-18,prelondon,GBP/AUD,BUY,1.891,1.883,1.907,6,6,C,C,2.0,3,caution,7.0,LOSS,2026-09-18 05:17:54,2026-09-18 05:31:20,1.883,-80.0,-85.4,
127,2026-09-18,preny,NZD/CAD,BUY,0.7998,0.7942,0.811,7,7,D,C,2.0,2,caution,7.0,LOSS,2026-09-18 11:19:35,2026-10-02 11:31:16,0.7990700006484985,-7.3,-10.4,
128,2026-09-18,preny,EUR/CHF,SELL,0.9495,0.9567,0.9351,7,7,F,F,2.0,3,caution,7.0,WIN,2026-09-18 11:19:36,2026-10-01 15:31:25,0.9351,144.0,128.4,
129,2026-09-18,preny,CAD/CHF,SELL,0.59,0.596,0.578,7,7,F,D,2.0,1,caution,7.0,WIN,2026-09-18 11:19:36,2026-10-02 11:31:16,0.5814899802207947,85.1,73.4,
130,2026-09-18,preny,USD/CAD,SELL,1.397,1.4039,1.3832,6,5,D,D,2.0,2,caution,7.0,LOSS,2026-09-18 11:19:36,2026-09-22 02:01:25,1.4039,-69.0,-74.4,
131,2026-09-19,london,GBP/USD,BUY,1.334,1.3273,1.3474,7,7,D,C,2.0,2,caution,7.0,LOSS,2026-09-18 12:25:45,2026-09-23 12:31:30,1.3273,-67.0,-70.7,
132,2026-09-19,london,EUR/CHF,SELL,0.9435,0.9507,0.9291,7,7,F,F,2.0,3,caution,7.0,WIN,2026-09-18 12:25:45,2026-10-02 12:01:26,0.9291,144.0,127.8,
133,2026-09-19,london,AUD/CHF,SELL,0.585,0.592,0.571,8,8,C,B,2.0,3,caution,7.0,WIN,2026-09-18 12:25:45,2026-10-02 12:31:16,0.5732200145721436,117.8,103.7,
134,2026-09-19,london,USD/CHF,SELL,0.827,0.8378,0.8054,8,8,C,B,2.0,3,caution,7.0,WIN,2026-09-18 12:25:45,2026-10-02 12:31:16,0.8238000273704529,32.0,13.7,
135,2026-09-19,london,EUR/USD,BUY,1.145,1.137,1.161,8,7,C,C,2.0,2,caution,7.0,LOSS,2026-09-18 12:25:45,2026-09-24 10:31:24,1.137,-80.0,-85.3,
136,2026-09-19,london,AUD/NZD,SELL,1.2401,1.2547,1.2109,8,8,B,B,2.0,3,caution,7.0,WIN,2026-09-18 12:25:45,2026-10-02 12:31:16,1.2367700338363647,33.3,26.2,
137,2026-09-19,london,USD/CAD,SELL,1.3988,1.4057,1.385,7,6,D,C,2.0,2,caution,7.0,LOSS,2026-09-18 12:25:45,2026-09-22 14:31:29,1.4057,-69.0,-74.9,
138,2026-09-19,london,GBP/AUD,BUY,1.888,1.8788,1.9064,7,7,C,B,2.0,3,caution,7.0,LOSS,2026-09-18 12:25:45,2026-09-18 12:31:26,1.8788,-92.0,-97.4,
139,2026-09-19,london,GBP/NZD,SELL,2.342,2.3564,2.3132,6,6,F,F,2.0,2,caution,7.0,LOSS,2026-09-18 12:25:45,2026-10-01 02:01:27,2.3564,-144.0,-155.5,
140,2026-09-21,full,EUR/CHF,SELL,0.949,0.9562,0.9346,7,7,F,F,2.0,2,caution,6.5,WIN,2026-09-20 18:21:03,2026-10-01 15:31:25,0.9346,144.0,130.5,
141,2026-09-21,full,AUD/CHF,SELL,0.585,0.592,0.571,8,8,F,F,2.0,2,caution,6.5,WIN,2026-09-20 18:21:03,2026-10-04 18:31:20,0.5760999917984009,89.0,74.9,
142,2026-09-21,full,EUR/AUD,BUY,1.6127,1.6053,1.6275,8,8,C,B,2.0,3,caution,6.5,WIN,2026-09-20 18:21:03,2026-09-30 02:31:13,1.6275,148.0,140.7,
143,2026-09-21,full,GBP/AUD,BUY,1.8745,1.8615,1.9005,7,7,B,B,2.0,3,caution,6.5,WIN,2026-09-20 18:21:03,2026-09-30 07:01:30,1.9005,260.0,256.5,
144,2026-09-21,full,AUD/NZD,SELL,1.241,1.2483,1.2264,8,8,C,B,2.0,3,caution,6.5,WIN,2026-09-20 18:21:03,2026-10-04 18:31:20,1.2367099523544312,42.9,35.8,
145,2026-09-21,full,NZD/USD,BUY,0.5728,0.568,0.5824,8,7,C,B,2.0,3,caution,6.5,LOSS,2026-09-20 18:21:03,2026-09-23 14:01:31,0.568,-48.0,-50.9,
146,2026-09-21,full,GBP/USD,BUY,1.3358,1.3292,1.349,8,8,C,C,2.0,2,caution,6.5,LOSS,2026-09-20 18:21:03,2026-09-23 10:01:32,1.3292,-66.0,-69.0,
147,2026-09-21,morning,USD/CHF,SELL,0.827,0.8323,0.8164,7,7,F,D,2.0,2,caution,6.5,LOSS,2026-09-20 21:19:38,2026-09-29 00:31:19,0.8323,-53.0,-64.6,
148,2026-09-22,london,GBP/USD,BUY,1.3358,1.3273,1.3528,8,8,D,C,2.0,2,caution,6.5,LOSS,2026-09-21 14:13:37,2026-09-23 12:31:30,1.3273,-85.0,-87.7,
149,2026-09-22,london,AUD/CHF,SELL,0.584,0.591,0.57,7,7,F,F,2.0,2,caution,6.5,WIN,2026-09-21 14:13:37,2026-10-05 14:31:18,0.5786399841308594,53.6,39.5,
150,2026-09-22,london,EUR/USD,BUY,1.143,1.135,1.159,7,6,D,C,2.0,2,caution,6.5,LOSS,2026-09-21 14:13:37,2026-09-29 08:31:23,1.135,-80.0,-86.2,
151,2026-09-22,full,NZD/CHF,BUY,0.4746,0.4698,0.4842,6,6,D,D,2.0,2,caution,6.5,LOSS,2026-09-21 18:20:54,2026-09-21 18:31:19,0.4698,-48.0,-53.4,
152,2026-09-22,full,AUD/NZD,SELL,1.238,1.2453,1.2234,7,7,D,C,2.0,2,caution,6.5,LOSS,2026-09-21 18:20:54,2026-09-21 18:31:19,1.2453,-73.0,-78.4,
153,2026-09-22,full,NZD/USD,BUY,0.5728,0.5663,0.5858,8,7,C,B,2.0,3,caution,6.5,LOSS,2026-09-21 18:20:54,2026-09-24 14:31:23,0.5663,-65.0,-67.8,
154,2026-09-22,morning,EUR/AUD,BUY,1.6105,1.6077,1.6161,8,8,C,B,2.0,3,caution,6.5,LOSS,2026-09-21 21:18:22,2026-09-22 21:01:35,1.6077,-28.0,-33.6,
155,2026-09-22,morning,GBP/AUD,BUY,1.877,1.8651,1.9008,7,7,C,B,2.0,2,caution,6.5,WIN,2026-09-21 21:18:22,2026-09-30 07:31:35,1.9008,238.0,234.3,
156,2026-09-22,prelondon,AUD/CAD,SELL,0.994,0.9999,0.9822,7,7,C,B,2.0,2,caution,6.5,LOSS,2026-09-22 05:17:39,2026-09-22 14:01:38,0.9999,-59.0,-64.5,
157,2026-09-22,prelondon,USD/CAD,SELL,1.401,1.414,1.375,6,5,D,D,2.0,2,caution,6.5,LOSS,2026-09-22 05:17:39,2026-09-24 15:31:29,1.414,-130.0,-134.4,
158,2026-09-23,london,AUD/CHF,SELL,0.5848,0.592,0.5704,8,8,F,F,2.0,2,caution,6.5,WIN,2026-09-22 12:45:10,2026-10-06 13:01:34,0.5801399946212769,46.6,32.5,
159,2026-09-23,london,AUD/NZD,SELL,1.2449,1.2556,1.2235,7,7,D,C,2.0,2,caution,6.5,WIN,2026-09-22 12:45:10,2026-10-06 13:01:34,1.2424299716949463,24.7,17.6,
160,2026-09-23,full,EUR/AUD,BUY,1.609,1.6077,1.6116,7,7,D,C,2.0,2,caution,6.5,LOSS,2026-09-22 18:22:13,2026-09-22 21:01:35,1.6077,-13.0,-18.4,
161,2026-09-23,full,AUD/CAD,SELL,0.995,0.999,0.987,7,7,D,C,2.0,2,caution,6.5,LOSS,2026-09-22 18:22:13,2026-09-22 18:31:25,0.999,-40.0,-45.4,
162,2026-09-23,full,GBP/AUD,BUY,1.88,1.8616,1.9168,8,8,C,B,2.0,3,caution,6.5,WIN,2026-09-22 18:22:13,2026-10-06 18:31:11,1.9007999897003174,208.0,205.5,
163,2026-09-23,morning,USD/CAD,SELL,1.3975,1.404,1.3845,6,5,D,D,2.0,2,caution,6.5,LOSS,2026-09-22 21:18:47,2026-09-22 21:31:19,1.404,-65.0,-67.2,
164,2026-09-23,preny,NZD/CHF,BUY,0.46894,0.46564,0.47554,7,7,D,C,2.0,2,caution,6.5,LOSS,2026-09-23 11:18:21,2026-10-01 15:31:25,0.46564,-33.0,-34.7,
165,2026-09-23,preny,EUR/USD,BUY,1.1465,1.1415,1.1565,8,7,C,C,2.0,2,caution,6.5,LOSS,2026-09-23 11:18:22,2026-09-23 11:31:23,1.1415,-50.0,-52.1,
166,2026-09-24,london,EUR/USD,BUY,1.142,1.134,1.158,6,5,D,D,2.0,2,caution,6.5,LOSS,2026-09-23 12:56:11,2026-09-29 09:31:59,1.134,-80.0,-85.2,
167,2026-09-24,london,AUD/NZD,SELL,1.251,1.2584,1.2362,7,7,D,C,2.0,2,caution,6.5,WIN,2026-09-23 12:56:11,2026-09-29 06:01:40,1.2362,148.0,141.9,
168,2026-09-24,full,NZD/USD,BUY,0.5712,0.5665,0.5806,8,7,C,B,2.0,3,caution,6.5,LOSS,2026-09-23 18:19:44,2026-09-24 14:31:23,0.5665,-47.0,-49.4,
169,2026-09-24,prelondon,USD/CAD,SELL,1.4066,1.4132,1.3934,8,7,D,C,2.0,2,caution,6.5,LOSS,2026-09-24 05:17:34,2026-09-24 14:01:32,1.4132,-66.0,-68.5,
170,2026-09-25,london,USD/CAD,SELL,1.4066,1.4132,1.3934,8,7,C,C,2.0,2,caution,6.5,LOSS,2026-09-24 12:53:44,2026-09-24 14:01:32,1.4132,-66.0,-68.3,
171,2026-09-25,london,AUD/NZD,SELL,1.245,1.2596,1.2158,7,7,D,C,2.0,2,caution,6.5,WIN,2026-09-24 12:53:44,2026-10-08 13:01:40,1.2421599626541138,28.4,21.3,
172,2026-09-25,full,NZD/CHF,BUY,0.46894,0.46524,0.47634,7,7,C,C,2.0,2,caution,6.5,LOSS,2026-09-24 18:20:52,2026-10-01 15:31:25,0.46524,-37.0,-39.3,
173,2026-09-25,full,NZD/USD,BUY,0.5763,0.5716,0.5857,7,6,D,C,2.0,3,caution,6.5,LOSS,2026-09-24 18:20:52,2026-09-24 18:31:20,0.5716,-47.0,-49.1,
174,2026-09-25,full,GBP/USD,BUY,1.3273,1.3205,1.3409,8,8,C,C,2.0,2,caution,6.5,LOSS,2026-09-24 18:20:52,2026-10-01 10:01:28,1.3205,-68.0,-72.2,
175,2026-09-25,prelondon,USD/CHF,SELL,0.8235,0.8316,0.8073,8,8,D,C,2.0,2,caution,6.5,LOSS,2026-09-25 05:17:55,2026-09-28 11:31:16,0.8316,-81.0,-87.0,
176,2026-09-25,prelondon,CHF/JPY,BUY,190.5,187.67,196.16,7,7,B,B,2.0,3,caution,6.5,OPEN,2026-09-25 05:17:55,,,,,
177,2026-09-25,prelondon,EUR/USD,BUY,1.1382,1.1328,1.149,8,7,C,C,2.0,2,caution,6.5,LOSS,2026-09-25 05:17:55,2026-09-29 17:02:10,1.1328,-54.0,-58.5,
178,2026-09-25,prelondon,AUD/USD,BUY,0.698,0.6924,0.7092,7,6,D,C,2.0,1,caution,6.5,LOSS,2026-09-25 05:17:55,2026-10-01 15:31:26,0.6924,-56.0,-59.7,
179,2026-09-25,preny,NZD/JPY,BUY,88.956,88.1158,90.6364,8,8,B,B,2.0,3,caution,6.5,OPEN,2026-09-25 11:18:33,,,,,
180,2026-09-25,preny,CAD/JPY,BUY,112.215,111.2859,114.0732,7,7,C,B,2.0,3,caution,6.5,LOSS,2026-09-25 11:18:33,2026-09-25 13:31:15,111.2859,-92.9,-96.9,
181,2026-09-26,london,GBP/USD,BUY,1.3241,1.3168,1.3387,7,7,C,C,2.0,2,caution,6.5,OPEN,2026-09-25 12:56:25,,,,,
182,2026-09-26,london,NZD/JPY,BUY,89.35,88.6,90.85,8,8,C,B,2.0,3,caution,6.5,LOSS,2026-09-25 12:56:25,2026-09-30 01:31:35,88.6,-75.0,-75.4,
183,2026-09-26,london,CAD/JPY,BUY,112.215,111.2859,114.0732,7,7,C,B,2.0,3,caution,6.5,LOSS,2026-09-25 12:56:25,2026-09-25 13:31:15,111.2859,-92.9,-96.9,
184,2026-09-26,london,USD/CHF,SELL,0.825,0.8358,0.8034,7,7,F,D,2.0,2,caution,6.5,LOSS,2026-09-25 12:56:25,2026-09-30 20:31:29,0.8358,-108.0,-116.3,
185,2026-09-26,london,EUR/USD,BUY,1.1382,1.1328,1.149,8,7,C,C,2.0,2,caution,6.5,LOSS,2026-09-25 12:56:25,2026-09-29 17:02:11,1.1328,-54.0,-58.3,
186,2026-09-26,london,USD/CAD,SELL,1.4105,1.4239,1.3837,8,7,D,C,2.0,2,caution,6.5,LOSS,2026-09-25 12:56:25,2026-10-01 02:01:27,1.4239,-134.0,-141.2,
187,2026-09-26,london,AUD/USD,BUY,0.7034,0.6984,0.7134,7,6,D,C,2.0,2,caution,6.5,LOSS,2026-09-25 12:56:25,2026-09-29 15:31:22,0.6984,-50.0,-53.1,
188,2026-09-28,full,GBP/JPY,BUY,207.1,205.69,209.92,7,7,C,B,2.0,3,caution,6.5,WIN,2026-09-27 18:21:16,2026-10-06 12:31:21,209.92,282.0,297.8,
189,2026-09-28,full,EUR/JPY,BUY,179.85,178.65,182.25,8,8,B,B,2.0,3,caution,6.5,LOSS,2026-09-27 18:21:16,2026-09-28 08:31:23,178.65,-120.0,-123.1,
190,2026-09-28,full,USD/CHF,SELL,0.828,0.8334,0.8172,7,7,F,D,2.0,2,caution,6.5,LOSS,2026-09-27 18:21:16,2026-09-29 05:31:21,0.8334,-54.0,-57.9,
191,2026-09-28,full,NZD/JPY,BUY,89.819,88.9685,91.52,8,8,B,B,2.0,2,caution,6.5,LOSS,2026-09-27 18:21:16,2026-09-27 18:31:26,88.9685,-85.0,-89.0,
192,2026-09-28,full,CAD/JPY,BUY,111.85,110.29,114.97,8,8,C,B,2.0,3,caution,6.5,LOSS,2026-09-27 18:21:16,2026-09-30 02:31:13,110.29,-156.0,-158.2,
193,2026-09-28,full,USD/CAD,SELL,1.4146,1.4278,1.3882,7,6,F,D,2.0,1,caution,6.5,LOSS,2026-09-27 18:21:16,2026-10-05 03:01:18,1.4278,-132.0,-140.9,
194,2026-09-28,full,AUD/USD,BUY,0.69983,0.68503,0.72943,8,7,D,C,2.0,2,caution,6.5,OPEN,2026-09-27 18:21:16,,,,,
195,2026-09-28,full,NZD/USD,BUY,0.5657,0.561,0.5751,7,6,D,C,2.0,3,caution,6.5,LOSS,2026-09-27 18:21:16,2026-10-01 09:01:33,0.561,-47.0,-50.0,
196,2026-09-28,full,GBP/USD,BUY,1.3211,1.314,1.3353,8,8,F,D,2.0,3,caution,6.5,OPEN,2026-09-27 18:21:16,,,,,
197,2026-09-28,morning,EUR/USD,BUY,1.1375,1.1321,1.1483,8,7,B,B,2.0,3,caution,6.5,LOSS,2026-09-27 21:18:43,2026-09-29 17:02:11,1.1321,-54.0,-57.1,
198,2026-09-28,morning,CHF/JPY,BUY,189.5,187.67,193.16,7,7,C,B,2.0,3,caution,6.5,OPEN,2026-09-27 21:18:43,,,,,
199,2026-09-29,full,NZD/JPY,BUY,89.819,89.0,91.457,7,7,C,B,2.0,2,caution,6.5,LOSS,2026-09-28 11:21:23,2026-09-28 11:31:16,89.0,-81.9,-85.9,
200,2026-09-29,full,EUR/USD,BUY,1.1375,1.1267,1.1591,8,7,B,B,2.0,3,caution,6.5,LOSS,2026-09-28 11:21:23,2026-10-01 15:31:26,1.1267,-108.0,-111.8,
201,2026-09-29,full,CAD/JPY,BUY,112.26,111.3071,114.1658,8,8,B,B,2.0,3,caution,6.5,LOSS,2026-09-28 11:21:23,2026-09-28 11:31:17,111.3071,-95.3,-99.3,
202,2026-09-29,full,CHF/JPY,BUY,193.5,190.62,199.26,7,7,B,B,2.0,3,caution,6.5,LOSS,2026-09-28 11:21:23,2026-09-28 11:31:17,190.62,-288.0,-292.0,
203,2026-09-29,full,USD/CAD,SELL,1.4146,1.4278,1.3882,7,6,D,C,2.0,3,caution,6.5,LOSS,2026-09-28 11:21:23,2026-10-05 03:01:18,1.4278,-132.0,-140.2,
204,2026-09-29,full,AUD/USD,BUY,0.7008,0.696,0.7104,8,7,C,C,2.0,2,caution,6.5,LOSS,2026-09-28 11:21:23,2026-09-30 14:31:25,0.696,-48.0,-50.6,
205,2026-09-29,full,GBP/USD,BUY,1.326,1.3189,1.3402,8,8,D,D,2.0,3,caution,6.5,LOSS,2026-09-28 11:21:23,2026-10-01 17:01:31,1.3189,-71.0,-74.1,
206,2026-09-29,london,USD/CHF,SELL,0.82745,0.83275,0.81685,7,7,F,D,2.0,2,caution,6.5,LOSS,2026-09-28 15:33:49,2026-09-29 04:01:28,0.83275,-53.0,-55.8,
207,2026-09-29,full,EUR/JPY,BUY,179.157,177.6966,182.0778,8,8,C,B,2.0,3,caution,6.5,LOSS,2026-09-29 05:21:29,2026-09-30 02:01:33,177.6966,-146.0,-148.7,
208,2026-09-29,full,NZD/USD,BUY,0.5763,0.5717,0.5855,7,6,D,C,2.0,3,caution,6.5,LOSS,2026-09-29 05:21:29,2026-09-29 05:31:22,0.5717,-46.0,-48.1,
209,2026-09-30,full,EUR/JPY,BUY,177.85,175.93,181.69,8,8,C,B,2.0,3,caution,6.5,OPEN,2026-09-29 11:21:51,,,,,
210,2026-09-30,full,USD/CHF,SELL,0.831,0.8363,0.8204,7,7,F,D,2.0,2,caution,6.5,LOSS,2026-09-29 11:21:51,2026-10-01 03:31:14,0.8363,-53.0,-57.2,
211,2026-09-30,full,NZD/JPY,BUY,88.956,88.065,90.738,7,7,C,B,2.0,3,caution,6.5,OPEN,2026-09-29 11:21:51,,,,,
212,2026-09-30,full,EUR/USD,BUY,1.136,1.127,1.154,9,8,B,B,2.0,3,caution,6.5,LOSS,2026-09-29 11:21:51,2026-10-01 15:01:45,1.127,-90.0,-93.3,
213,2026-09-30,full,CAD/JPY,BUY,110.58,109.56,112.62,7,7,D,C,2.0,3,caution,6.5,OPEN,2026-09-29 11:21:51,,,,,
214,2026-09-30,full,USD/CAD,SELL,1.421,1.4336,1.3958,8,7,C,B,2.0,3,caution,6.5,OPEN,2026-09-29 11:21:51,,,,,
215,2026-09-30,full,GBP/NZD,SELL,2.335,2.3537,2.2976,6,6,C,C,2.0,2,caution,6.5,LOSS,2026-09-29 11:21:51,2026-09-30 12:01:36,2.3537,-187.0,-192.9,
216,2026-09-30,full,AUD/USD,BUY,0.698,0.6922,0.7096,7,6,D,C,2.0,2,caution,6.5,LOSS,2026-09-29 11:21:51,2026-10-01 16:01:35,0.6922,-58.0,-60.7,
217,2026-09-30,full,NZD/USD,BUY,0.5651,0.5605,0.5743,7,6,D,C,2.0,3,caution,6.5,LOSS,2026-09-29 11:21:51,2026-10-01 10:01:28,0.5605,-46.0,-48.6,
218,2026-09-30,full,GBP/USD,BUY,1.3229,1.3158,1.3371,8,8,F,F,2.0,2,caution,6.5,OPEN,2026-09-29 11:21:51,,,,,
219,2026-09-30,london,CHF/JPY,BUY,190.87,189.65,193.31,7,7,C,B,2.0,3,caution,6.5,LOSS,2026-09-29 14:14:04,2026-09-29 14:31:19,189.65,-122.0,-126.0,
220,2026-09-30,full,GBP/JPY,BUY,208.558,207.218,211.238,7,7,C,B,2.0,3,caution,6.5,OPEN,2026-09-30 05:21:42,,,,,
221,2026-10-01,full,USD/CHF,SELL,0.8347,0.8427,0.8187,8,8,C,C,2.0,2,caution,6.5,OPEN,2026-09-30 11:20:55,,,,,
222,2026-10-01,full,EUR/USD,BUY,1.1373,1.1321,1.1477,8,7,B,B,2.0,2,caution,6.5,LOSS,2026-09-30 11:20:55,2026-10-01 07:01:31,1.1321,-52.0,-54.6,
223,2026-10-01,full,CAD/JPY,BUY,110.58,109.8,112.14,7,7,D,C,2.0,2,caution,6.5,OPEN,2026-09-30 11:20:55,,,,,
224,2026-10-01,full,CHF/JPY,BUY,187.842,186.075,191.376,7,7,D,C,2.0,2,caution,6.5,OPEN,2026-09-30 11:20:55,,,,,
225,2026-10-01,full,USD/CAD,SELL,1.42,1.4324,1.3952,8,7,C,B,2.0,3,caution,6.5,OPEN,2026-09-30 11:20:55,,,,,
226,2026-10-01,full,GBP/NZD,SELL,2.337,2.3506,2.3098,8,8,F,F,2.0,3,caution,6.5,LOSS,2026-09-30 11:20:55,2026-09-30 11:31:20,2.3506,-136.0,-141.4,
227,2026-10-01,full,NZD/USD,BUY,0.5664,0.5618,0.5756,7,6,D,C,2.0,3,caution,6.5,LOSS,2026-09-30 11:20:55,2026-10-01 07:41:33,0.5618,-46.0,-48.4,
228,2026-10-01,london,GBP/USD,BUY,1.323,1.3161,1.3368,8,8,F,F,2.0,2,caution,6.5,OPEN,2026-09-30 13:49:59,,,,,
229,2026-10-01,london,AUD/USD,BUY,0.7016,0.6969,0.711,8,7,C,C,2.0,2,caution,6.5,LOSS,2026-09-30 13:49:59,2026-09-30 14:01:41,0.6969,-47.0,-49.1,
230,2026-10-01,morning,NZD/JPY,BUY,89.103,88.203,90.903,8,8,B,B,2.0,2,caution,6.5,LOSS,2026-09-30 21:18:09,2026-10-05 07:01:37,88.203,-90.0,-90.5,
231,2026-10-02,full,EUR/JPY,BUY,178.2,177.0,180.6,8,8,B,B,2.0,2,caution,6.5,LOSS,2026-10-01 11:19:56,2026-10-02 12:31:16,177.0,-120.0,-122.4,
232,2026-10-02,full,USD/CHF,SELL,0.832,0.8372,0.8216,7,7,F,D,2.0,1,caution,6.5,OPEN,2026-10-01 11:19:56,,,,,
233,2026-10-02,full,NZD/JPY,BUY,88.7703,87.9853,90.3403,8,8,B,B,2.0,3,caution,6.5,OPEN,2026-10-01 11:19:56,,,,,
234,2026-10-02,full,EUR/USD,BUY,1.1341,1.1237,1.1549,8,7,B,B,2.0,3,caution,6.5,LOSS,2026-10-01 11:19:56,2026-10-01 17:01:31,1.1237,-104.0,-106.3,
235,2026-10-02,full,CAD/JPY,BUY,110.913,109.495,113.749,7,7,D,C,2.0,2,caution,6.5,OPEN,2026-10-01 11:19:56,,,,,
236,2026-10-02,full,USD/CAD,SELL,1.421,1.4336,1.3958,8,7,C,B,2.0,2,caution,6.5,OPEN,2026-10-01 11:19:56,,,,,
237,2026-10-02,full,GBP/NZD,SELL,2.34,2.3538,2.3124,8,8,F,F,2.0,2,caution,6.5,LOSS,2026-10-01 11:19:56,2026-10-01 11:31:14,2.3538,-138.0,-143.4,
238,2026-10-02,full,AUD/USD,BUY,0.6998,0.6924,0.7146,8,7,D,C,2.0,2,caution,6.5,LOSS,2026-10-01 11:19:56,2026-10-01 15:31:26,0.6924,-74.0,-76.2,
239,2026-10-02,full,NZD/USD,BUY,0.5641,0.5596,0.5731,7,6,D,C,2.0,2,caution,6.5,LOSS,2026-10-01 11:19:56,2026-10-02 00:31:18,0.5596,-45.0,-47.3,
240,2026-10-02,london,CHF/JPY,BUY,190.5,188.82,193.86,7,7,D,C,2.0,2,caution,6.5,OPEN,2026-10-01 14:38:39,,,,,
241,2026-10-02,full,EUR/GBP,BUY,0.85377,0.848,0.86531,7,6,D,C,2.0,2,caution,6.5,LOSS,2026-10-02 05:20:17,2026-10-05 03:01:18,0.848,-57.7,-62.2,
242,2026-10-03,morning,EUR/GBP,BUY,0.8539,0.851,0.8597,7,6,D,C,2.0,2,caution,6.5,LOSS,2026-10-02 11:18:55,2026-10-02 11:31:16,0.851,-29.0,-32.9,
243,2026-10-03,morning,USD/CHF,SELL,0.8363,0.8417,0.8255,7,7,F,D,2.0,1,caution,6.5,WIN,2026-10-02 11:18:55,2026-10-02 12:31:17,0.8255,108.0,105.7,
244,2026-10-03,morning,NZD/JPY,BUY,88.76,87.5826,91.1148,8,8,C,B,2.0,3,caution,6.5,OPEN,2026-10-02 11:18:55,,,,,
245,2026-10-03,morning,EUR/USD,BUY,1.1327,1.127,1.1441,8,7,C,B,2.0,3,caution,6.5,LOSS,2026-10-02 11:18:55,2026-10-02 11:31:17,1.127,-57.0,-59.1,
246,2026-10-03,morning,CAD/JPY,BUY,110.68,109.71,112.62,7,7,D,C,2.0,2,caution,6.5,OPEN,2026-10-02 11:18:55,,,,,
247,2026-10-03,morning,USD/CAD,SELL,1.4236,1.436,1.3988,8,7,C,B,2.0,2,caution,6.5,OPEN,2026-10-02 11:18:55,,,,,
248,2026-10-03,morning,GBP/NZD,SELL,2.3541,2.3679,2.3265,7,7,F,F,2.0,3,caution,6.5,OPEN,2026-10-02 11:18:55,,,,,
249,2026-10-03,morning,AUD/USD,BUY,0.6946,0.6896,0.7046,7,6,D,C,2.0,1,caution,6.5,OPEN,2026-10-02 11:18:55,,,,,
250,2026-10-03,london,EUR/JPY,BUY,178.3,176.9,181.1,8,8,C,B,2.0,3,caution,6.5,LOSS,2026-10-02 14:00:24,2026-10-05 02:31:19,176.9,-140.0,-140.2,
251,2026-10-05,full,NZD/CHF,BUY,0.4652,0.4616,0.4724,7,7,D,C,2.0,2,caution,6.5,OPEN,2026-10-04 18:18:42,,,,,
252,2026-10-05,full,EUR/USD,BUY,1.1258,1.1198,1.1378,8,7,C,B,2.0,3,caution,6.5,LOSS,2026-10-04 18:18:42,2026-10-05 03:01:19,1.1198,-60.0,-62.3,
253,2026-10-05,full,USD/CAD,SELL,1.422,1.4342,1.3976,8,6,D,C,2.0,2,caution,6.5,OPEN,2026-10-04 18:18:42,,,,,
254,2026-10-05,morning,EUR/CHF,BUY,0.9355,0.9265,0.9535,8,8,D,C,2.0,2,caution,6.5,OPEN,2026-10-04 21:18:24,,,,,
255,2026-10-05,morning,NZD/JPY,BUY,88.447,87.6178,90.1054,7,7,D,C,2.0,3,caution,6.5,OPEN,2026-10-04 21:18:24,,,,,
256,2026-10-05,morning,GBP/NZD,SELL,2.356,2.3832,2.3016,7,7,F,F,2.0,3,caution,6.5,OPEN,2026-10-04 21:18:24,,,,,
257,2026-10-05,full,EUR/GBP,BUY,0.8513,0.8485,0.8569,7,6,F,F,2.0,3,caution,6.5,LOSS,2026-10-05 05:20:37,2026-10-05 05:31:21,0.8485,-28.0,-31.9,
258,2026-10-05,full,AUD/USD,BUY,0.6942,0.676,0.7306,8,6,C,B,2.0,3,caution,6.5,OPEN,2026-10-05 05:20:37,,,,,
259,2026-10-05,full,GBP/USD,BUY,1.3203,1.3131,1.3347,8,8,F,F,2.0,2,caution,6.5,OPEN,2026-10-05 05:20:37,,,,,
260,2026-10-06,full,EUR/GBP,BUY,0.8523,0.8465,0.8639,7,6,F,F,2.0,3,caution,6.5,LOSS,2026-10-05 11:19:04,2026-10-07 07:31:19,0.8465,-58.0,-62.3,
261,2026-10-06,full,NZD/JPY,BUY,88.956,88.125,90.618,7,7,D,C,2.0,2,caution,6.5,OPEN,2026-10-05 11:19:04,,,,,
262,2026-10-06,full,EUR/USD,BUY,1.125,1.119,1.137,8,7,B,B,2.0,3,caution,6.5,LOSS,2026-10-05 11:19:04,2026-10-07 11:31:21,1.119,-60.0,-63.2,
263,2026-10-06,full,GBP/NZD,SELL,2.362,2.3824,2.3212,7,7,F,F,2.0,3,caution,6.5,OPEN,2026-10-05 11:19:04,,,,,
264,2026-10-06,full,GBP/JPY,BUY,208.5,207.3,210.9,8,8,F,F,2.0,2,caution,6.5,OPEN,2026-10-06 05:24:24,,,,,
265,2026-10-06,full,EUR/JPY,BUY,177.52,176.0,180.56,7,6,D,C,2.0,2,caution,6.5,OPEN,2026-10-06 05:24:24,,,,,
266,2026-10-06,full,CHF/JPY,BUY,190.488,188.781,193.902,7,7,D,C,2.0,2,caution,6.5,OPEN,2026-10-06 05:24:24,,,,,
267,2026-10-06,full,AUD/NZD,SELL,1.242,1.2493,1.2274,7,7,D,C,2.0,2,caution,6.5,OPEN,2026-10-06 05:24:24,,,,,
268,2026-10-06,full,AUD/USD,BUY,0.6924,0.6873,0.7026,8,7,B,B,2.0,2,caution,6.5,OPEN,2026-10-06 05:24:24,,,,,
269,2026-10-06,full,EUR/NZD,SELL,2.0035,2.0147,1.9811,7,7,C,B,2.0,2,caution,6.5,OPEN,2026-10-06 05:24:24,,,,,
270,2026-10-06,full,NZD/CAD,BUY,0.7987,0.79,0.8161,8,8,B,B,2.0,3,caution,6.5,OPEN,2026-10-06 05:24:24,,,,,
271,2026-10-07,full,GBP/JPY,BUY,212.61,209.65,218.53,7,7,B,B,2.0,2,caution,6.5,LOSS,2026-10-06 11:21:26,2026-10-06 21:31:20,209.65,-296.0,-299.0,
272,2026-10-07,full,EUR/GBP,BUY,0.8497,0.8468,0.8555,7,6,F,F,2.0,3,caution,6.5,LOSS,2026-10-06 11:21:26,2026-10-07 07:31:20,0.8468,-29.0,-33.1,
273,2026-10-07,full,NZD/JPY,BUY,88.95,88.15,90.55,7,7,D,C,2.0,2,caution,6.5,OPEN,2026-10-06 11:21:26,,,,,
274,2026-10-07,full,CAD/JPY,BUY,110.577,109.887,111.957,7,7,D,C,2.0,2,caution,6.5,OPEN,2026-10-06 11:21:26,,,,,
275,2026-10-07,full,EUR/USD,BUY,1.1258,1.1195,1.1384,8,7,B,B,2.0,3,caution,6.5,LOSS,2026-10-06 11:21:26,2026-10-07 08:01:31,1.1195,-63.0,-65.6,
276,2026-10-07,full,USD/CAD,SELL,1.431,1.4498,1.3934,7,6,F,D,2.0,1,caution,6.5,OPEN,2026-10-06 11:21:26,,,,,
277,2026-10-07,full,AUD/USD,BUY,0.6924,0.6873,0.7026,8,7,C,B,2.0,2,caution,6.5,OPEN,2026-10-06 11:21:26,,,,,
278,2026-10-07,full,EUR/NZD,SELL,2.002,2.0188,1.9684,7,7,B,B,2.0,2,caution,6.5,OPEN,2026-10-06 11:21:26,,,,,
279,2026-10-07,full,NZD/USD,BUY,0.563,0.5564,0.5762,7,6,C,C,2.0,3,caution,6.5,OPEN,2026-10-06 11:21:26,,,,,
280,2026-10-07,full,NZD/CAD,BUY,0.8052,0.8002,0.8152,6,6,C,C,2.0,2,caution,6.5,LOSS,2026-10-06 11:21:26,2026-10-06 14:01:41,0.8002,-50.0,-55.4,
281,2026-10-07,morning,GBP/USD,BUY,1.3215,1.3154,1.3337,7,7,F,F,2.0,2,caution,6.5,OPEN,2026-10-06 21:19:26,,,,,
282,2026-10-07,morning,CHF/JPY,BUY,194.0743,191.7681,198.6867,8,8,C,B,2.0,2,caution,6.5,LOSS,2026-10-06 21:19:26,2026-10-06 21:31:20,191.7681,-230.6,-234.6,
283,2026-10-07,morning,GBP/NZD,SELL,2.353,2.3732,2.3126,8,8,F,F,2.0,3,caution,6.5,OPEN,2026-10-06 21:19:26,,,,,
284,2026-10-07,full,EUR/JPY,BUY,176.5,175.02,179.46,7,7,D,C,2.0,2,caution,6.5,OPEN,2026-10-07 05:22:06,,,,,
285,2026-10-07,full,EUR/AUD,BUY,1.6099,1.6077,1.6143,7,7,B,B,2.0,3,caution,6.5,LOSS,2026-10-07 05:22:06,2026-10-07 08:01:32,1.6077,-22.0,-27.4,
286,2026-10-08,full,GBP/JPY,BUY,207.5,206.02,210.46,6,5,C,C,2.0,3,defensive,6.5,OPEN,2026-10-07 11:22:14,,,,,
287,2026-10-08,full,EUR/JPY,BUY,177.184,175.6755,180.201,7,6,D,C,2.0,3,defensive,6.5,OPEN,2026-10-07 11:22:14,,,,,
288,2026-10-08,full,EUR/AUD,BUY,1.6253,1.6099,1.6561,7,7,C,B,2.0,3,defensive,6.5,LOSS,2026-10-07 11:22:14,2026-10-07 11:31:21,1.6099,-154.0,-159.4,
289,2026-10-08,full,EUR/GBP,BUY,0.8485,0.8454,0.8547,7,6,F,F,2.0,2,defensive,6.5,OPEN,2026-10-07 11:22:14,,,,,
290,2026-10-08,full,NZD/JPY,BUY,88.421,87.714,89.835,7,7,D,C,2.0,2,defensive,6.5,OPEN,2026-10-07 11:22:14,,,,,
291,2026-10-08,full,CHF/JPY,BUY,189.5,186.44,195.62,8,8,B,B,2.0,2,defensive,6.5,OPEN,2026-10-07 11:22:14,,,,,
292,2026-10-08,full,EUR/USD,BUY,1.1217,1.1091,1.1469,7,6,D,C,2.0,3,defensive,6.5,OPEN,2026-10-07 11:22:14,,,,,
293,2026-10-08,full,GBP/NZD,SELL,2.356,2.3818,2.3044,8,8,F,F,2.0,2,defensive,6.5,OPEN,2026-10-07 11:22:14,,,,,
294,2026-10-08,full,USD/CAD,SELL,1.431,1.4436,1.4058,7,6,F,D,2.0,1,defensive,6.5,OPEN,2026-10-07 11:22:14,,,,,
295,2026-10-08,full,AUD/USD,BUY,0.6967,0.6917,0.7067,7,6,C,B,2.0,2,defensive,6.5,OPEN,2026-10-07 11:22:14,,,,,
296,2026-10-08,full,EUR/NZD,SELL,2.0035,2.0263,1.9579,6,6,C,C,2.0,2,defensive,6.5,OPEN,2026-10-07 11:22:14,,,,,
297,2026-10-08,full,NZD/USD,BUY,0.5599,0.5555,0.5687,8,7,C,B,2.0,3,defensive,6.5,OPEN,2026-10-07 11:22:14,,,,,
298,2026-10-08,london,NZD/CHF,BUY,0.4653,0.4619,0.4721,7,7,F,D,2.0,2,defensive,6.5,OPEN,2026-10-07 14:40:42,,,,,
299,2026-10-09,full,EUR/GBP,BUY,0.8482,0.8418,0.861,7,6,F,F,2.0,3,defensive,6.5,OPEN,2026-10-08 11:20:34,,,,,
300,2026-10-09,full,CHF/JPY,BUY,190.1416,188.7658,192.8932,6,6,C,C,2.0,2,defensive,6.5,OPEN,2026-10-08 11:20:34,,,,,
301,2026-10-09,full,EUR/USD,BUY,1.1254,1.1189,1.1384,7,6,D,C,2.0,2,defensive,6.5,LOSS,2026-10-08 11:20:34,2026-10-08 11:31:25,1.1189,-65.0,-67.2,
302,2026-10-09,full,AUD/USD,BUY,0.701,0.6952,0.7126,8,7,C,B,2.0,2,defensive,6.5,LOSS,2026-10-08 11:20:34,2026-10-08 11:31:25,0.6952,-58.0,-60.1,
303,2026-10-09,london,NZD/JPY,BUY,89.65,88.51,91.93,7,7,D,C,2.0,2,defensive,6.5,LOSS,2026-10-08 14:44:31,2026-10-08 16:31:25,88.51,-114.0,-118.0,
304,2026-10-09,full,GBP/NZD,SELL,2.3486,2.361,2.3238,8,8,F,F,2.0,2,defensive,6.5,OPEN,2026-10-08 18:21:02,,,,,
305,2026-10-09,full,NZD/CAD,BUY,0.7991,0.7942,0.8089,7,7,D,C,2.0,3,defensive,6.5,OPEN,2026-10-08 18:21:02,,,,,
