timestamp,leg_a,leg_b,leg_a_name,leg_b_name,diff,diff_pct,tolerance,status,notes
2026-09-06 10:08:53,10352.3,10246.75,tracked,recomputed,105.55,1.0301,5.18,MISMATCH,
2026-09-06 10:13:54,10246.75,10246.75,tracked,recomputed,0.0,0.0,5.12,OK,
2026-09-06 22:57:47,10246.75,10246.75,tracked,recomputed,0.0,0.0,5.12,OK,
2026-09-06 23:01:24,10246.75,10246.75,tracked,recomputed,0.0,0.0,5.12,OK,
2026-09-06 23:31:14,10246.75,10246.75,tracked,recomputed,0.0,0.0,5.12,OK,
2026-09-07 00:01:34,10246.75,10246.75,tracked,recomputed,0.0,0.0,5.12,OK,
2026-09-07 00:31:18,10246.75,10246.75,tracked,recomputed,0.0,0.0,5.12,OK,
2026-09-07 01:01:21,10246.75,10246.75,tracked,recomputed,0.0,0.0,5.12,OK,
2026-09-07 01:31:17,10246.75,10246.75,tracked,recomputed,0.0,0.0,5.12,OK,
2026-09-07 02:01:27,10246.75,10246.75,tracked,recomputed,0.0,0.0,5.12,OK,
2026-09-07 02:31:15,10246.75,10246.75,tracked,recomputed,0.0,0.0,5.12,OK,
2026-09-07 03:01:30,10246.75,10246.75,tracked,recomputed,0.0,0.0,5.12,OK,
2026-09-07 03:31:10,10246.75,10246.75,tracked,recomputed,0.0,0.0,5.12,OK,
2026-09-07 04:01:26,10246.75,10246.75,tracked,recomputed,0.0,0.0,5.12,OK,
2026-09-07 04:31:29,10246.75,10246.75,tracked,recomputed,0.0,0.0,5.12,OK,
2026-09-07 05:01:34,10246.75,10246.75,tracked,recomputed,0.0,0.0,5.12,OK,
2026-09-07 05:31:14,10246.75,10246.75,tracked,recomputed,0.0,0.0,5.12,OK,
2026-09-07 06:01:24,10246.75,10246.75,tracked,recomputed,0.0,0.0,5.12,OK,
2026-09-07 06:31:17,10246.75,10246.75,tracked,recomputed,0.0,0.0,5.12,OK,
2026-09-07 07:01:29,10246.75,10246.75,tracked,recomputed,0.0,0.0,5.12,OK,
2026-09-07 07:31:22,10246.75,10246.75,tracked,recomputed,0.0,0.0,5.12,OK,
2026-09-07 08:01:30,10246.75,10246.75,tracked,recomputed,0.0,0.0,5.12,OK,
2026-09-07 08:31:13,10246.75,10246.75,tracked,recomputed,0.0,0.0,5.12,OK,
2026-09-07 09:01:29,10246.75,10246.75,tracked,recomputed,0.0,0.0,5.12,OK,
2026-09-07 09:31:17,10246.75,10246.75,tracked,recomputed,0.0,0.0,5.12,OK,
2026-09-07 10:01:31,10246.75,10246.75,tracked,recomputed,0.0,0.0,5.12,OK,
2026-09-07 10:31:19,10246.75,10246.75,tracked,recomputed,0.0,0.0,5.12,OK,
2026-09-07 11:01:38,10246.75,10246.75,tracked,recomputed,0.0,0.0,5.12,OK,
2026-09-07 11:31:12,10246.75,10246.75,tracked,recomputed,0.0,0.0,5.12,OK,
2026-09-07 12:01:36,10246.75,10246.75,tracked,recomputed,0.0,0.0,5.12,OK,
2026-09-07 12:31:25,10246.75,10246.75,tracked,recomputed,0.0,0.0,5.12,OK,
2026-09-07 13:01:36,10246.75,10246.75,tracked,recomputed,0.0,0.0,5.12,OK,
2026-09-07 14:01:43,10246.75,10246.75,tracked,recomputed,0.0,0.0,5.12,OK,
2026-09-07 14:31:28,10246.75,10246.75,tracked,recomputed,0.0,0.0,5.12,OK,
2026-09-07 15:01:43,10246.75,10246.75,tracked,recomputed,0.0,0.0,5.12,OK,
2026-09-07 15:31:31,10246.75,10246.75,tracked,recomputed,0.0,0.0,5.12,OK,
2026-09-07 16:01:41,10246.75,10246.75,tracked,recomputed,0.0,0.0,5.12,OK,
2026-09-07 16:31:25,10246.75,10246.75,tracked,recomputed,0.0,0.0,5.12,OK,
2026-09-07 17:01:42,10246.75,10246.75,tracked,recomputed,0.0,0.0,5.12,OK,
2026-09-07 17:31:25,10246.75,10246.75,tracked,recomputed,0.0,0.0,5.12,OK,
2026-09-07 18:01:38,10246.75,10246.75,tracked,recomputed,0.0,0.0,5.12,OK,
2026-09-07 18:31:26,10246.75,10246.75,tracked,recomputed,0.0,0.0,5.12,OK,
2026-09-07 19:01:33,10246.75,10246.75,tracked,recomputed,0.0,0.0,5.12,OK,
2026-09-07 19:31:22,10246.75,10246.75,tracked,recomputed,0.0,0.0,5.12,OK,
2026-09-07 20:01:36,10246.75,10246.75,tracked,recomputed,0.0,0.0,5.12,OK,
2026-09-07 20:31:29,10246.75,10246.75,tracked,recomputed,0.0,0.0,5.12,OK,
2026-09-07 21:01:34,10246.75,10246.75,tracked,recomputed,0.0,0.0,5.12,OK,
2026-09-07 21:31:25,10246.75,10246.75,tracked,recomputed,0.0,0.0,5.12,OK,
2026-09-07 22:01:35,10246.75,10246.75,tracked,recomputed,0.0,0.0,5.12,OK,
2026-09-07 22:31:21,10246.75,10246.75,tracked,recomputed,0.0,0.0,5.12,OK,
2026-09-07 23:01:32,10246.75,10246.75,tracked,recomputed,0.0,0.0,5.12,OK,
2026-09-07 23:31:55,10246.75,10246.75,tracked,recomputed,0.0,0.0,5.12,OK,
2026-09-08 00:01:36,10246.75,10246.75,tracked,recomputed,0.0,0.0,5.12,OK,
2026-09-08 00:31:21,10246.75,10246.75,tracked,recomputed,0.0,0.0,5.12,OK,
2026-09-08 01:01:27,10246.75,10246.75,tracked,recomputed,0.0,0.0,5.12,OK,
2026-09-08 01:31:13,10246.75,10246.75,tracked,recomputed,0.0,0.0,5.12,OK,
2026-09-08 02:01:27,10246.75,10246.75,tracked,recomputed,0.0,0.0,5.12,OK,
2026-09-08 02:31:18,10246.75,10246.75,tracked,recomputed,0.0,0.0,5.12,OK,
2026-09-08 03:01:27,10246.75,10246.75,tracked,recomputed,0.0,0.0,5.12,OK,
2026-09-08 03:31:18,10246.75,10246.75,tracked,recomputed,0.0,0.0,5.12,OK,
2026-09-08 04:01:30,10246.75,10246.75,tracked,recomputed,0.0,0.0,5.12,OK,
2026-09-08 04:31:17,10246.75,10246.75,tracked,recomputed,0.0,0.0,5.12,OK,
2026-09-08 05:01:27,10246.75,10246.75,tracked,recomputed,0.0,0.0,5.12,OK,
2026-09-08 05:31:18,10246.75,10246.75,tracked,recomputed,0.0,0.0,5.12,OK,
2026-09-09 02:31:39,9998.85,9998.85,tracked,recomputed,0.0,0.0,5.0,OK,
2026-09-09 03:01:32,9998.85,9998.85,tracked,recomputed,0.0,0.0,5.0,OK,
2026-09-09 03:31:17,9998.85,9998.85,tracked,recomputed,0.0,0.0,5.0,OK,
2026-09-09 04:01:35,9998.85,9998.85,tracked,recomputed,0.0,0.0,5.0,OK,
2026-09-09 04:31:18,9998.85,9998.85,tracked,recomputed,0.0,0.0,5.0,OK,
2026-09-09 05:01:34,9998.85,9998.85,tracked,recomputed,0.0,0.0,5.0,OK,
2026-09-09 05:31:15,9998.85,9998.85,tracked,recomputed,0.0,0.0,5.0,OK,
2026-09-09 06:01:36,9998.85,9998.85,tracked,recomputed,0.0,0.0,5.0,OK,
2026-09-09 06:31:25,9998.85,9998.85,tracked,recomputed,0.0,0.0,5.0,OK,
2026-09-09 07:01:32,9998.85,9998.85,tracked,recomputed,0.0,0.0,5.0,OK,
2026-09-09 07:31:17,9998.85,9998.85,tracked,recomputed,0.0,0.0,5.0,OK,
2026-09-09 08:01:33,9998.85,9998.85,tracked,recomputed,0.0,0.0,5.0,OK,
2026-09-09 08:31:20,9998.85,9998.85,tracked,recomputed,0.0,0.0,5.0,OK,
2026-09-09 09:01:29,9998.85,9998.85,tracked,recomputed,0.0,0.0,5.0,OK,
2026-09-09 09:31:25,9998.85,9998.85,tracked,recomputed,0.0,0.0,5.0,OK,
2026-09-09 10:01:28,9998.85,9998.85,tracked,recomputed,0.0,0.0,5.0,OK,
2026-09-09 10:31:16,9998.85,9998.85,tracked,recomputed,0.0,0.0,5.0,OK,
2026-09-09 11:01:30,9998.85,9998.85,tracked,recomputed,0.0,0.0,5.0,OK,
2026-09-09 11:31:17,9998.85,9998.85,tracked,recomputed,0.0,0.0,5.0,OK,
2026-09-09 12:01:38,9998.85,9998.85,tracked,recomputed,0.0,0.0,5.0,OK,
2026-09-09 13:01:37,9998.85,9998.85,tracked,recomputed,0.0,0.0,5.0,OK,
2026-09-09 13:31:31,9998.85,9998.85,tracked,recomputed,0.0,0.0,5.0,OK,
2026-09-09 14:01:36,9998.85,9998.85,tracked,recomputed,0.0,0.0,5.0,OK,
2026-09-09 14:31:57,9998.85,9998.85,tracked,recomputed,0.0,0.0,5.0,OK,
2026-09-09 15:01:41,9998.85,9998.85,tracked,recomputed,0.0,0.0,5.0,OK,
2026-09-09 15:31:28,9998.85,9998.85,tracked,recomputed,0.0,0.0,5.0,OK,
2026-09-09 16:01:40,9998.85,9998.85,tracked,recomputed,0.0,0.0,5.0,OK,
2026-09-09 16:31:13,9998.85,9998.85,tracked,recomputed,0.0,0.0,5.0,OK,
2026-09-09 17:01:35,9998.85,9998.85,tracked,recomputed,0.0,0.0,5.0,OK,
2026-09-09 17:31:25,9998.85,9998.85,tracked,recomputed,0.0,0.0,5.0,OK,
2026-09-09 18:01:39,9998.85,9998.85,tracked,recomputed,0.0,0.0,5.0,OK,
2026-09-09 18:31:19,9998.85,9998.85,tracked,recomputed,0.0,0.0,5.0,OK,
2026-09-09 19:01:27,9998.85,9998.85,tracked,recomputed,0.0,0.0,5.0,OK,
2026-09-09 19:31:20,9998.85,9998.85,tracked,recomputed,0.0,0.0,5.0,OK,
2026-09-09 20:01:29,9998.85,9998.85,tracked,recomputed,0.0,0.0,5.0,OK,
2026-09-09 20:31:24,9998.85,9998.85,tracked,recomputed,0.0,0.0,5.0,OK,
2026-09-09 21:01:37,9998.85,9998.85,tracked,recomputed,0.0,0.0,5.0,OK,
2026-09-09 21:31:17,9998.85,9998.85,tracked,recomputed,0.0,0.0,5.0,OK,
2026-09-09 22:01:33,9998.85,9998.85,tracked,recomputed,0.0,0.0,5.0,OK,
2026-09-09 22:31:24,9998.85,9998.85,tracked,recomputed,0.0,0.0,5.0,OK,
2026-09-09 23:01:30,9998.85,9998.85,tracked,recomputed,0.0,0.0,5.0,OK,
2026-09-09 23:31:13,9998.85,9998.85,tracked,recomputed,0.0,0.0,5.0,OK,
2026-09-10 00:01:35,9998.85,9998.85,tracked,recomputed,0.0,0.0,5.0,OK,
2026-09-10 00:31:18,9998.85,9998.85,tracked,recomputed,0.0,0.0,5.0,OK,
2026-09-10 01:01:36,9998.85,9998.85,tracked,recomputed,0.0,0.0,5.0,OK,
2026-09-10 01:31:19,9998.85,9998.85,tracked,recomputed,0.0,0.0,5.0,OK,
2026-09-10 02:01:34,9998.85,9998.85,tracked,recomputed,0.0,0.0,5.0,OK,
2026-09-10 02:31:13,9998.85,9998.85,tracked,recomputed,0.0,0.0,5.0,OK,
2026-09-10 03:01:33,9998.85,9998.85,tracked,recomputed,0.0,0.0,5.0,OK,
2026-09-10 03:31:17,9998.85,9998.85,tracked,recomputed,0.0,0.0,5.0,OK,
2026-09-10 04:01:39,9998.85,9998.85,tracked,recomputed,0.0,0.0,5.0,OK,
2026-09-10 04:31:19,9998.85,9998.85,tracked,recomputed,0.0,0.0,5.0,OK,
2026-09-10 05:01:37,9998.85,9998.85,tracked,recomputed,0.0,0.0,5.0,OK,
2026-09-10 05:31:17,9998.85,9998.85,tracked,recomputed,0.0,0.0,5.0,OK,
2026-09-10 06:01:35,9998.85,9998.85,tracked,recomputed,0.0,0.0,5.0,OK,
2026-09-10 06:31:23,9998.85,9998.85,tracked,recomputed,0.0,0.0,5.0,OK,
2026-09-10 07:01:29,9998.85,9998.85,tracked,recomputed,0.0,0.0,5.0,OK,
2026-09-10 07:32:01,9998.85,9998.85,tracked,recomputed,0.0,0.0,5.0,OK,
2026-09-10 08:01:34,9998.85,9998.85,tracked,recomputed,0.0,0.0,5.0,OK,
2026-09-10 08:31:18,9998.85,9998.85,tracked,recomputed,0.0,0.0,5.0,OK,
2026-09-10 09:02:10,9998.85,9998.85,tracked,recomputed,0.0,0.0,5.0,OK,
2026-09-10 09:31:17,9998.85,9998.85,tracked,recomputed,0.0,0.0,5.0,OK,
2026-09-10 10:01:38,9998.85,9998.85,tracked,recomputed,0.0,0.0,5.0,OK,
2026-09-10 10:31:22,9998.85,9998.85,tracked,recomputed,0.0,0.0,5.0,OK,
2026-09-10 11:01:31,9998.85,9998.85,tracked,recomputed,0.0,0.0,5.0,OK,
2026-09-10 11:31:37,9998.85,9998.85,tracked,recomputed,0.0,0.0,5.0,OK,
2026-09-10 12:01:32,9998.85,9998.85,tracked,recomputed,0.0,0.0,5.0,OK,
2026-09-10 12:31:18,9998.85,9998.85,tracked,recomputed,0.0,0.0,5.0,OK,
2026-09-10 13:01:33,9998.85,9998.85,tracked,recomputed,0.0,0.0,5.0,OK,
2026-09-10 13:31:18,9998.85,9998.85,tracked,recomputed,0.0,0.0,5.0,OK,
2026-09-10 14:01:38,9998.85,9998.85,tracked,recomputed,0.0,0.0,5.0,OK,
2026-09-10 14:31:25,9998.85,9998.85,tracked,recomputed,0.0,0.0,5.0,OK,
2026-09-10 15:01:40,9998.85,9998.85,tracked,recomputed,0.0,0.0,5.0,OK,
2026-09-10 15:31:23,9998.85,9998.85,tracked,recomputed,0.0,0.0,5.0,OK,
2026-09-10 16:01:37,9998.85,9998.85,tracked,recomputed,0.0,0.0,5.0,OK,
2026-09-10 16:31:25,9998.85,9998.85,tracked,recomputed,0.0,0.0,5.0,OK,
2026-09-10 17:01:35,9998.85,9998.85,tracked,recomputed,0.0,0.0,5.0,OK,
2026-09-10 17:31:19,9998.85,9998.85,tracked,recomputed,0.0,0.0,5.0,OK,
2026-09-10 18:01:34,9998.85,9998.85,tracked,recomputed,0.0,0.0,5.0,OK,
2026-09-10 18:31:23,9998.85,9998.85,tracked,recomputed,0.0,0.0,5.0,OK,
2026-09-10 19:01:34,9998.85,9998.85,tracked,recomputed,0.0,0.0,5.0,OK,
2026-09-10 19:31:23,9998.85,9998.85,tracked,recomputed,0.0,0.0,5.0,OK,
2026-09-10 20:01:34,9998.85,9998.85,tracked,recomputed,0.0,0.0,5.0,OK,
2026-09-10 20:31:21,9998.85,9998.85,tracked,recomputed,0.0,0.0,5.0,OK,
2026-09-10 21:01:30,9998.85,9998.85,tracked,recomputed,0.0,0.0,5.0,OK,
2026-09-10 21:31:29,9998.85,9998.85,tracked,recomputed,0.0,0.0,5.0,OK,
2026-09-10 22:01:33,9998.85,9998.85,tracked,recomputed,0.0,0.0,5.0,OK,
2026-09-10 22:31:20,9998.85,9998.85,tracked,recomputed,0.0,0.0,5.0,OK,
2026-09-10 23:01:38,9998.85,9998.85,tracked,recomputed,0.0,0.0,5.0,OK,
2026-09-10 23:31:17,9998.85,9998.85,tracked,recomputed,0.0,0.0,5.0,OK,
2026-09-11 00:01:35,9998.85,9998.85,tracked,recomputed,0.0,0.0,5.0,OK,
2026-09-11 00:31:19,9998.85,9998.85,tracked,recomputed,0.0,0.0,5.0,OK,
2026-09-11 01:01:35,9998.85,9998.85,tracked,recomputed,0.0,0.0,5.0,OK,
2026-09-11 01:31:17,9998.85,9998.85,tracked,recomputed,0.0,0.0,5.0,OK,
2026-09-11 02:01:36,9998.85,9998.85,tracked,recomputed,0.0,0.0,5.0,OK,
2026-09-11 02:31:54,9998.85,9998.85,tracked,recomputed,0.0,0.0,5.0,OK,
2026-09-11 03:01:33,9998.85,9998.85,tracked,recomputed,0.0,0.0,5.0,OK,
2026-09-11 03:31:18,9998.85,9998.85,tracked,recomputed,0.0,0.0,5.0,OK,
2026-09-11 04:01:35,9998.85,9998.85,tracked,recomputed,0.0,0.0,5.0,OK,
2026-09-11 04:31:18,9998.85,9998.85,tracked,recomputed,0.0,0.0,5.0,OK,
2026-09-11 05:01:37,9998.85,9998.85,tracked,recomputed,0.0,0.0,5.0,OK,
2026-09-11 05:31:20,9998.85,9998.85,tracked,recomputed,0.0,0.0,5.0,OK,
2026-09-11 06:01:33,9998.85,9998.85,tracked,recomputed,0.0,0.0,5.0,OK,
2026-09-11 06:31:25,9998.85,9998.85,tracked,recomputed,0.0,0.0,5.0,OK,
2026-09-11 07:01:39,9998.85,9998.85,tracked,recomputed,0.0,0.0,5.0,OK,
2026-09-11 07:31:20,9998.85,9998.85,tracked,recomputed,0.0,0.0,5.0,OK,
2026-09-11 08:01:27,9998.85,9998.85,tracked,recomputed,0.0,0.0,5.0,OK,
2026-09-11 08:31:17,9998.85,9998.85,tracked,recomputed,0.0,0.0,5.0,OK,
2026-09-11 09:01:36,9998.85,9998.85,tracked,recomputed,0.0,0.0,5.0,OK,
2026-09-11 09:31:18,9998.85,9998.85,tracked,recomputed,0.0,0.0,5.0,OK,
2026-09-11 10:02:28,9998.85,9998.85,tracked,recomputed,0.0,0.0,5.0,OK,
2026-09-11 10:31:24,9998.85,9998.85,tracked,recomputed,0.0,0.0,5.0,OK,
2026-09-11 11:01:40,9998.85,9998.85,tracked,recomputed,0.0,0.0,5.0,OK,
2026-09-11 11:31:20,9998.85,9998.85,tracked,recomputed,0.0,0.0,5.0,OK,
2026-09-11 12:01:40,9998.85,9998.85,tracked,recomputed,0.0,0.0,5.0,OK,
2026-09-11 12:31:16,9998.85,9998.85,tracked,recomputed,0.0,0.0,5.0,OK,
2026-09-11 13:01:33,9998.85,9998.85,tracked,recomputed,0.0,0.0,5.0,OK,
2026-09-11 13:31:23,9998.85,9998.85,tracked,recomputed,0.0,0.0,5.0,OK,
2026-09-11 14:01:32,9998.85,9998.85,tracked,recomputed,0.0,0.0,5.0,OK,
2026-09-11 14:31:19,9998.85,9998.85,tracked,recomputed,0.0,0.0,5.0,OK,
2026-09-11 15:02:10,9998.85,9998.85,tracked,recomputed,0.0,0.0,5.0,OK,
2026-09-11 15:31:23,9998.85,9998.85,tracked,recomputed,0.0,0.0,5.0,OK,
2026-09-11 16:01:38,9998.85,9998.85,tracked,recomputed,0.0,0.0,5.0,OK,
2026-09-11 16:31:20,9998.85,9998.85,tracked,recomputed,0.0,0.0,5.0,OK,
2026-09-11 17:01:33,9998.85,9998.85,tracked,recomputed,0.0,0.0,5.0,OK,
2026-09-11 17:31:24,9998.85,9998.85,tracked,recomputed,0.0,0.0,5.0,OK,
2026-09-11 18:01:34,9998.85,9998.85,tracked,recomputed,0.0,0.0,5.0,OK,
2026-09-11 18:31:19,9998.85,9998.85,tracked,recomputed,0.0,0.0,5.0,OK,
2026-09-11 19:01:33,9998.85,9998.85,tracked,recomputed,0.0,0.0,5.0,OK,
2026-09-11 19:31:18,9998.85,9998.85,tracked,recomputed,0.0,0.0,5.0,OK,
2026-09-11 20:01:30,9998.85,9998.85,tracked,recomputed,0.0,0.0,5.0,OK,
2026-09-11 20:31:16,9998.85,9998.85,tracked,recomputed,0.0,0.0,5.0,OK,
2026-09-11 21:01:32,9998.85,9998.85,tracked,recomputed,0.0,0.0,5.0,OK,
2026-09-11 21:31:12,9959.98,9959.98,tracked,recomputed,0.0,0.0,4.98,OK,
2026-09-11 22:01:35,9959.98,9959.98,tracked,recomputed,0.0,0.0,4.98,OK,
2026-09-11 22:31:22,9959.98,9959.98,tracked,recomputed,0.0,0.0,4.98,OK,
2026-09-11 23:01:36,9959.98,9959.98,tracked,recomputed,0.0,0.0,4.98,OK,
2026-09-11 23:31:19,9959.98,9959.98,tracked,recomputed,0.0,0.0,4.98,OK,
2026-09-12 00:01:47,9959.98,9959.98,tracked,recomputed,0.0,0.0,4.98,OK,
2026-09-12 00:31:17,9959.98,9959.98,tracked,recomputed,0.0,0.0,4.98,OK,
2026-09-12 01:01:26,9959.98,9959.98,tracked,recomputed,0.0,0.0,4.98,OK,
2026-09-12 01:31:18,9959.98,9959.98,tracked,recomputed,0.0,0.0,4.98,OK,
2026-09-12 02:01:35,9959.98,9959.98,tracked,recomputed,0.0,0.0,4.98,OK,
2026-09-12 02:31:18,9959.98,9959.98,tracked,recomputed,0.0,0.0,4.98,OK,
2026-09-12 03:01:37,9959.98,9959.98,tracked,recomputed,0.0,0.0,4.98,OK,
2026-09-12 03:31:25,9959.98,9959.98,tracked,recomputed,0.0,0.0,4.98,OK,
2026-09-12 04:01:32,9959.98,9959.98,tracked,recomputed,0.0,0.0,4.98,OK,
2026-09-12 04:31:19,9959.98,9959.98,tracked,recomputed,0.0,0.0,4.98,OK,
2026-09-12 05:01:32,9959.98,9959.98,tracked,recomputed,0.0,0.0,4.98,OK,
2026-09-12 05:31:16,9959.98,9959.98,tracked,recomputed,0.0,0.0,4.98,OK,
2026-09-12 06:01:37,9959.98,9959.98,tracked,recomputed,0.0,0.0,4.98,OK,
2026-09-12 06:31:18,9959.98,9959.98,tracked,recomputed,0.0,0.0,4.98,OK,
2026-09-12 07:01:31,9959.98,9959.98,tracked,recomputed,0.0,0.0,4.98,OK,
2026-09-12 07:31:13,9959.98,9959.98,tracked,recomputed,0.0,0.0,4.98,OK,
2026-09-12 08:01:31,9959.98,9959.98,tracked,recomputed,0.0,0.0,4.98,OK,
2026-09-12 08:31:15,9959.98,9959.98,tracked,recomputed,0.0,0.0,4.98,OK,
2026-09-12 09:01:34,9959.98,9959.98,tracked,recomputed,0.0,0.0,4.98,OK,
2026-09-12 09:31:16,9959.98,9959.98,tracked,recomputed,0.0,0.0,4.98,OK,
2026-09-12 10:01:29,9959.98,9959.98,tracked,recomputed,0.0,0.0,4.98,OK,
2026-09-12 10:31:18,9959.98,9959.98,tracked,recomputed,0.0,0.0,4.98,OK,
2026-09-12 11:01:30,9959.98,9959.98,tracked,recomputed,0.0,0.0,4.98,OK,
2026-09-12 11:31:19,9959.98,9959.98,tracked,recomputed,0.0,0.0,4.98,OK,
2026-09-12 12:01:36,9959.98,9959.98,tracked,recomputed,0.0,0.0,4.98,OK,
2026-09-12 13:01:29,9959.98,9959.98,tracked,recomputed,0.0,0.0,4.98,OK,
2026-09-12 13:31:24,9959.98,9959.98,tracked,recomputed,0.0,0.0,4.98,OK,
2026-09-12 14:01:30,9959.98,9959.98,tracked,recomputed,0.0,0.0,4.98,OK,
2026-09-12 14:31:20,9959.98,9959.98,tracked,recomputed,0.0,0.0,4.98,OK,
2026-09-12 15:01:32,9959.98,9959.98,tracked,recomputed,0.0,0.0,4.98,OK,
2026-09-12 15:31:13,9959.98,9959.98,tracked,recomputed,0.0,0.0,4.98,OK,
2026-09-12 16:01:33,9959.98,9959.98,tracked,recomputed,0.0,0.0,4.98,OK,
2026-09-12 16:31:22,9959.98,9959.98,tracked,recomputed,0.0,0.0,4.98,OK,
2026-09-12 17:01:35,9959.98,9959.98,tracked,recomputed,0.0,0.0,4.98,OK,
2026-09-12 17:31:20,9959.98,9959.98,tracked,recomputed,0.0,0.0,4.98,OK,
2026-09-12 18:01:31,9959.98,9959.98,tracked,recomputed,0.0,0.0,4.98,OK,
2026-09-12 18:31:17,9959.98,9959.98,tracked,recomputed,0.0,0.0,4.98,OK,
2026-09-12 19:01:26,9959.98,9959.98,tracked,recomputed,0.0,0.0,4.98,OK,
2026-09-12 19:31:23,9959.98,9959.98,tracked,recomputed,0.0,0.0,4.98,OK,
2026-09-12 20:01:30,9959.98,9959.98,tracked,recomputed,0.0,0.0,4.98,OK,
2026-09-12 20:31:14,9959.98,9959.98,tracked,recomputed,0.0,0.0,4.98,OK,
2026-09-12 21:01:27,9959.98,9959.98,tracked,recomputed,0.0,0.0,4.98,OK,
2026-09-12 21:31:16,9959.98,9959.98,tracked,recomputed,0.0,0.0,4.98,OK,
2026-09-12 22:01:39,9959.98,9959.98,tracked,recomputed,0.0,0.0,4.98,OK,
2026-09-12 22:31:15,9959.98,9959.98,tracked,recomputed,0.0,0.0,4.98,OK,
2026-09-12 23:01:33,9959.98,9959.98,tracked,recomputed,0.0,0.0,4.98,OK,
2026-09-12 23:31:11,9959.98,9959.98,tracked,recomputed,0.0,0.0,4.98,OK,
2026-09-13 00:01:35,9959.98,9959.98,tracked,recomputed,0.0,0.0,4.98,OK,
2026-09-13 00:31:16,9959.98,9959.98,tracked,recomputed,0.0,0.0,4.98,OK,
2026-09-13 01:01:30,9959.98,9959.98,tracked,recomputed,0.0,0.0,4.98,OK,
2026-09-13 01:31:21,9959.98,9959.98,tracked,recomputed,0.0,0.0,4.98,OK,
2026-09-13 02:01:35,9959.98,9959.98,tracked,recomputed,0.0,0.0,4.98,OK,
2026-09-13 02:31:19,9959.98,9959.98,tracked,recomputed,0.0,0.0,4.98,OK,
2026-09-13 03:01:31,9959.98,9959.98,tracked,recomputed,0.0,0.0,4.98,OK,
2026-09-13 03:31:21,9959.98,9959.98,tracked,recomputed,0.0,0.0,4.98,OK,
2026-09-13 04:01:30,9959.98,9959.98,tracked,recomputed,0.0,0.0,4.98,OK,
2026-09-13 04:31:19,9959.98,9959.98,tracked,recomputed,0.0,0.0,4.98,OK,
2026-09-13 05:01:27,9959.98,9959.98,tracked,recomputed,0.0,0.0,4.98,OK,
2026-09-13 05:31:17,9959.98,9959.98,tracked,recomputed,0.0,0.0,4.98,OK,
2026-09-13 06:01:33,9959.98,9959.98,tracked,recomputed,0.0,0.0,4.98,OK,
2026-09-13 06:31:20,9959.98,9959.98,tracked,recomputed,0.0,0.0,4.98,OK,
2026-09-13 07:01:35,9959.98,9959.98,tracked,recomputed,0.0,0.0,4.98,OK,
2026-09-13 07:31:17,9959.98,9959.98,tracked,recomputed,0.0,0.0,4.98,OK,
2026-09-13 08:01:27,9959.98,9959.98,tracked,recomputed,0.0,0.0,4.98,OK,
2026-09-13 08:31:23,9959.98,9959.98,tracked,recomputed,0.0,0.0,4.98,OK,
2026-09-13 09:01:35,9959.98,9959.98,tracked,recomputed,0.0,0.0,4.98,OK,
2026-09-13 10:02:17,9959.98,9959.98,tracked,recomputed,0.0,0.0,4.98,OK,
2026-09-13 10:31:14,9959.98,9959.98,tracked,recomputed,0.0,0.0,4.98,OK,
2026-09-13 11:01:26,9959.98,9959.98,tracked,recomputed,0.0,0.0,4.98,OK,
2026-09-13 11:31:16,9959.98,9959.98,tracked,recomputed,0.0,0.0,4.98,OK,
2026-09-13 12:01:34,9959.98,9959.98,tracked,recomputed,0.0,0.0,4.98,OK,
2026-09-13 12:31:22,9959.98,9959.98,tracked,recomputed,0.0,0.0,4.98,OK,
2026-09-13 13:01:31,9959.98,9959.98,tracked,recomputed,0.0,0.0,4.98,OK,
2026-09-13 13:31:15,9959.98,9959.98,tracked,recomputed,0.0,0.0,4.98,OK,
2026-09-13 14:01:33,9959.98,9959.98,tracked,recomputed,0.0,0.0,4.98,OK,
2026-09-13 14:31:17,9959.98,9959.98,tracked,recomputed,0.0,0.0,4.98,OK,
2026-09-13 15:01:32,9959.98,9959.98,tracked,recomputed,0.0,0.0,4.98,OK,
2026-09-13 15:31:19,9959.98,9959.98,tracked,recomputed,0.0,0.0,4.98,OK,
2026-09-13 16:01:36,9959.98,9959.98,tracked,recomputed,0.0,0.0,4.98,OK,
2026-09-13 16:31:16,9959.98,9959.98,tracked,recomputed,0.0,0.0,4.98,OK,
2026-09-13 17:01:30,9959.98,9959.98,tracked,recomputed,0.0,0.0,4.98,OK,
2026-09-13 17:31:19,9959.98,9959.98,tracked,recomputed,0.0,0.0,4.98,OK,
2026-09-13 18:01:24,9959.98,9959.98,tracked,recomputed,0.0,0.0,4.98,OK,
2026-09-13 18:31:20,9959.98,9959.98,tracked,recomputed,0.0,0.0,4.98,OK,
2026-09-13 19:01:32,9959.98,9959.98,tracked,recomputed,0.0,0.0,4.98,OK,
2026-09-13 19:31:16,9959.98,9959.98,tracked,recomputed,0.0,0.0,4.98,OK,
2026-09-13 20:01:34,9959.98,9959.98,tracked,recomputed,0.0,0.0,4.98,OK,
2026-09-13 20:31:11,9959.98,9959.98,tracked,recomputed,0.0,0.0,4.98,OK,
2026-09-13 21:01:29,9959.98,9959.98,tracked,recomputed,0.0,0.0,4.98,OK,
2026-09-13 21:31:06,9959.98,9959.98,tracked,recomputed,0.0,0.0,4.98,OK,
2026-09-13 22:01:36,9959.98,9959.98,tracked,recomputed,0.0,0.0,4.98,OK,
2026-09-13 22:31:18,9959.98,9959.98,tracked,recomputed,0.0,0.0,4.98,OK,
2026-09-13 23:01:37,9959.98,9959.98,tracked,recomputed,0.0,0.0,4.98,OK,
2026-09-13 23:31:22,9959.98,9959.98,tracked,recomputed,0.0,0.0,4.98,OK,
2026-09-14 00:01:39,9959.98,9959.98,tracked,recomputed,0.0,0.0,4.98,OK,
2026-09-14 00:31:57,9959.98,9959.98,tracked,recomputed,0.0,0.0,4.98,OK,
2026-09-14 01:01:28,9959.98,9959.98,tracked,recomputed,0.0,0.0,4.98,OK,
2026-09-14 01:31:13,9959.98,9959.98,tracked,recomputed,0.0,0.0,4.98,OK,
2026-09-14 02:01:38,9959.98,9959.98,tracked,recomputed,0.0,0.0,4.98,OK,
2026-09-14 02:31:20,9959.98,9959.98,tracked,recomputed,0.0,0.0,4.98,OK,
2026-09-14 03:01:34,9959.98,9959.98,tracked,recomputed,0.0,0.0,4.98,OK,
2026-09-14 03:31:20,9959.98,9959.98,tracked,recomputed,0.0,0.0,4.98,OK,
2026-09-14 04:01:38,9959.98,9959.98,tracked,recomputed,0.0,0.0,4.98,OK,
2026-09-14 04:31:20,9959.98,9959.98,tracked,recomputed,0.0,0.0,4.98,OK,
2026-09-14 05:01:39,9959.98,9959.98,tracked,recomputed,0.0,0.0,4.98,OK,
2026-09-14 05:31:19,9959.98,9959.98,tracked,recomputed,0.0,0.0,4.98,OK,
2026-09-14 06:01:35,9959.98,9959.98,tracked,recomputed,0.0,0.0,4.98,OK,
2026-09-14 06:31:15,9959.98,9959.98,tracked,recomputed,0.0,0.0,4.98,OK,
2026-09-14 07:01:42,9959.98,9959.98,tracked,recomputed,0.0,0.0,4.98,OK,
2026-09-14 07:31:22,9959.98,9959.98,tracked,recomputed,0.0,0.0,4.98,OK,
2026-09-14 08:01:36,9959.98,9959.98,tracked,recomputed,0.0,0.0,4.98,OK,
2026-09-14 08:31:54,9959.98,9959.98,tracked,recomputed,0.0,0.0,4.98,OK,
2026-09-14 09:01:34,9959.98,9959.98,tracked,recomputed,0.0,0.0,4.98,OK,
2026-09-14 09:31:16,9959.98,9959.98,tracked,recomputed,0.0,0.0,4.98,OK,
2026-09-14 10:01:38,9959.98,9959.98,tracked,recomputed,0.0,0.0,4.98,OK,
2026-09-14 10:31:20,9959.98,9959.98,tracked,recomputed,0.0,0.0,4.98,OK,
2026-09-14 11:01:35,9959.98,9959.98,tracked,recomputed,0.0,0.0,4.98,OK,
2026-09-14 11:31:23,9959.98,9959.98,tracked,recomputed,0.0,0.0,4.98,OK,
2026-09-14 12:01:40,9959.98,9959.98,tracked,recomputed,0.0,0.0,4.98,OK,
2026-09-14 12:31:27,9959.98,9959.98,tracked,recomputed,0.0,0.0,4.98,OK,
2026-09-14 13:01:40,9959.98,9959.98,tracked,recomputed,0.0,0.0,4.98,OK,
2026-09-14 13:31:27,9959.98,9959.98,tracked,recomputed,0.0,0.0,4.98,OK,
2026-09-14 14:31:23,9959.98,9959.98,tracked,recomputed,0.0,0.0,4.98,OK,
2026-09-14 15:01:38,9959.98,9959.98,tracked,recomputed,0.0,0.0,4.98,OK,
2026-09-14 15:31:29,9959.98,9959.98,tracked,recomputed,0.0,0.0,4.98,OK,
2026-09-14 16:01:34,9959.98,9959.98,tracked,recomputed,0.0,0.0,4.98,OK,
2026-09-14 16:31:20,9959.98,9959.98,tracked,recomputed,0.0,0.0,4.98,OK,
2026-09-14 17:01:35,9959.98,9959.98,tracked,recomputed,0.0,0.0,4.98,OK,
2026-09-14 17:31:16,9959.98,9959.98,tracked,recomputed,0.0,0.0,4.98,OK,
2026-09-14 18:01:30,9959.98,9959.98,tracked,recomputed,0.0,0.0,4.98,OK,
2026-09-14 18:31:18,9959.98,9959.98,tracked,recomputed,0.0,0.0,4.98,OK,
2026-09-14 19:01:40,9959.98,9959.98,tracked,recomputed,0.0,0.0,4.98,OK,
2026-09-14 19:31:13,9959.98,9959.98,tracked,recomputed,0.0,0.0,4.98,OK,
2026-09-14 20:01:39,9959.98,9959.98,tracked,recomputed,0.0,0.0,4.98,OK,
2026-09-14 20:31:24,9959.98,9959.98,tracked,recomputed,0.0,0.0,4.98,OK,
2026-09-14 21:01:34,9959.98,9959.98,tracked,recomputed,0.0,0.0,4.98,OK,
2026-09-14 21:31:15,9959.98,9959.98,tracked,recomputed,0.0,0.0,4.98,OK,
2026-09-14 22:01:42,9959.98,9959.98,tracked,recomputed,0.0,0.0,4.98,OK,
2026-09-14 22:31:18,9959.98,9959.98,tracked,recomputed,0.0,0.0,4.98,OK,
2026-09-14 23:01:30,9959.98,9959.98,tracked,recomputed,0.0,0.0,4.98,OK,
2026-09-14 23:31:19,9959.98,9959.98,tracked,recomputed,0.0,0.0,4.98,OK,
2026-09-15 00:01:40,9959.98,9959.98,tracked,recomputed,0.0,0.0,4.98,OK,
2026-09-15 00:31:17,9959.98,9959.98,tracked,recomputed,0.0,0.0,4.98,OK,
2026-09-15 01:01:32,9959.98,9959.98,tracked,recomputed,0.0,0.0,4.98,OK,
2026-09-15 01:31:20,9959.98,9959.98,tracked,recomputed,0.0,0.0,4.98,OK,
2026-09-15 02:01:27,9959.98,9959.98,tracked,recomputed,0.0,0.0,4.98,OK,
2026-09-15 02:31:15,9959.98,9959.98,tracked,recomputed,0.0,0.0,4.98,OK,
2026-09-15 03:01:35,9959.98,9959.98,tracked,recomputed,0.0,0.0,4.98,OK,
2026-09-15 03:31:21,9959.98,9959.98,tracked,recomputed,0.0,0.0,4.98,OK,
2026-09-15 04:01:37,9959.98,9959.98,tracked,recomputed,0.0,0.0,4.98,OK,
2026-09-15 04:31:17,9959.98,9959.98,tracked,recomputed,0.0,0.0,4.98,OK,
2026-09-15 05:01:32,9959.98,9959.98,tracked,recomputed,0.0,0.0,4.98,OK,
2026-09-15 05:31:14,9959.98,9959.98,tracked,recomputed,0.0,0.0,4.98,OK,
2026-09-15 06:01:33,9959.98,9959.98,tracked,recomputed,0.0,0.0,4.98,OK,
2026-09-15 06:31:37,9959.98,9959.98,tracked,recomputed,0.0,0.0,4.98,OK,
2026-09-15 07:01:34,9959.98,9959.98,tracked,recomputed,0.0,0.0,4.98,OK,
2026-09-15 07:31:16,9959.98,9959.98,tracked,recomputed,0.0,0.0,4.98,OK,
2026-09-15 08:01:31,9959.98,9959.98,tracked,recomputed,0.0,0.0,4.98,OK,
2026-09-15 08:31:12,9959.98,9959.98,tracked,recomputed,0.0,0.0,4.98,OK,
2026-09-15 09:01:32,9959.98,9959.98,tracked,recomputed,0.0,0.0,4.98,OK,
2026-09-15 09:31:20,9959.98,9959.98,tracked,recomputed,0.0,0.0,4.98,OK,
2026-09-15 10:02:06,9959.98,9959.98,tracked,recomputed,0.0,0.0,4.98,OK,
2026-09-15 10:31:12,9959.98,9959.98,tracked,recomputed,0.0,0.0,4.98,OK,
2026-09-15 11:01:59,9959.98,9959.98,tracked,recomputed,0.0,0.0,4.98,OK,
2026-09-15 11:31:17,9959.98,9959.98,tracked,recomputed,0.0,0.0,4.98,OK,
2026-09-15 12:01:34,9959.98,9959.98,tracked,recomputed,0.0,0.0,4.98,OK,
2026-09-15 12:31:16,9959.98,9959.98,tracked,recomputed,0.0,0.0,4.98,OK,
2026-09-15 13:01:28,9959.98,9959.98,tracked,recomputed,0.0,0.0,4.98,OK,
2026-09-15 13:31:25,9959.98,9959.98,tracked,recomputed,0.0,0.0,4.98,OK,
2026-09-15 14:31:21,9959.98,9959.98,tracked,recomputed,0.0,0.0,4.98,OK,
2026-09-15 15:02:01,9959.98,9959.98,tracked,recomputed,0.0,0.0,4.98,OK,
2026-09-15 15:31:14,9959.98,9959.98,tracked,recomputed,0.0,0.0,4.98,OK,
2026-09-15 16:01:32,9959.98,9959.98,tracked,recomputed,0.0,0.0,4.98,OK,
2026-09-15 16:31:24,9959.98,9959.98,tracked,recomputed,0.0,0.0,4.98,OK,
2026-09-15 17:01:31,9959.98,9959.98,tracked,recomputed,0.0,0.0,4.98,OK,
2026-09-15 17:31:18,9959.98,9959.98,tracked,recomputed,0.0,0.0,4.98,OK,
2026-09-15 18:01:30,9959.98,9959.98,tracked,recomputed,0.0,0.0,4.98,OK,
2026-09-15 18:31:18,9959.98,9959.98,tracked,recomputed,0.0,0.0,4.98,OK,
2026-09-15 19:01:29,9959.98,9959.98,tracked,recomputed,0.0,0.0,4.98,OK,
2026-09-15 19:31:22,9959.98,9959.98,tracked,recomputed,0.0,0.0,4.98,OK,
2026-09-15 20:01:32,9959.98,9959.98,tracked,recomputed,0.0,0.0,4.98,OK,
2026-09-15 20:31:22,9959.98,9959.98,tracked,recomputed,0.0,0.0,4.98,OK,
2026-09-15 21:01:39,9959.98,9959.98,tracked,recomputed,0.0,0.0,4.98,OK,
2026-09-15 21:31:25,9959.98,9959.98,tracked,recomputed,0.0,0.0,4.98,OK,
2026-09-15 22:01:29,9959.98,9959.98,tracked,recomputed,0.0,0.0,4.98,OK,
2026-09-15 22:31:16,9959.98,9959.98,tracked,recomputed,0.0,0.0,4.98,OK,
2026-09-15 23:01:30,9959.98,9959.98,tracked,recomputed,0.0,0.0,4.98,OK,
2026-09-15 23:31:17,9959.98,9959.98,tracked,recomputed,0.0,0.0,4.98,OK,
2026-09-16 00:02:09,9959.98,9959.98,tracked,recomputed,0.0,0.0,4.98,OK,
2026-09-16 00:31:18,9959.98,9959.98,tracked,recomputed,0.0,0.0,4.98,OK,
2026-09-16 01:01:33,9959.98,9959.98,tracked,recomputed,0.0,0.0,4.98,OK,
2026-09-16 01:31:16,9959.98,9959.98,tracked,recomputed,0.0,0.0,4.98,OK,
2026-09-16 02:01:27,9959.98,9959.98,tracked,recomputed,0.0,0.0,4.98,OK,
2026-09-16 02:31:17,9959.98,9959.98,tracked,recomputed,0.0,0.0,4.98,OK,
2026-09-16 03:01:35,9959.98,9959.98,tracked,recomputed,0.0,0.0,4.98,OK,
2026-09-16 03:31:15,9959.98,9959.98,tracked,recomputed,0.0,0.0,4.98,OK,
2026-09-16 04:01:24,9959.98,9959.98,tracked,recomputed,0.0,0.0,4.98,OK,
2026-09-16 04:31:16,9959.98,9959.98,tracked,recomputed,0.0,0.0,4.98,OK,
2026-09-16 05:01:33,9959.98,9959.98,tracked,recomputed,0.0,0.0,4.98,OK,
2026-09-16 05:31:23,9959.98,9959.98,tracked,recomputed,0.0,0.0,4.98,OK,
2026-09-16 06:01:30,9959.98,9959.98,tracked,recomputed,0.0,0.0,4.98,OK,
2026-09-16 06:31:06,9959.98,9959.98,tracked,recomputed,0.0,0.0,4.98,OK,
2026-09-16 07:01:35,9959.98,9959.98,tracked,recomputed,0.0,0.0,4.98,OK,
2026-09-16 07:31:23,9959.98,9959.98,tracked,recomputed,0.0,0.0,4.98,OK,
2026-09-16 08:01:34,9959.98,9959.98,tracked,recomputed,0.0,0.0,4.98,OK,
2026-09-16 08:31:16,9959.98,9959.98,tracked,recomputed,0.0,0.0,4.98,OK,
2026-09-16 09:01:33,9959.98,9959.98,tracked,recomputed,0.0,0.0,4.98,OK,
2026-09-16 09:31:11,9959.98,9959.98,tracked,recomputed,0.0,0.0,4.98,OK,
2026-09-16 10:01:35,9959.98,9959.98,tracked,recomputed,0.0,0.0,4.98,OK,
2026-09-16 10:31:21,9959.98,9959.98,tracked,recomputed,0.0,0.0,4.98,OK,
2026-09-16 11:01:28,9959.98,9959.98,tracked,recomputed,0.0,0.0,4.98,OK,
2026-09-16 11:31:11,9959.98,9959.98,tracked,recomputed,0.0,0.0,4.98,OK,
2026-09-16 12:01:33,9959.98,9959.98,tracked,recomputed,0.0,0.0,4.98,OK,
2026-09-16 12:31:20,9959.98,9959.98,tracked,recomputed,0.0,0.0,4.98,OK,
2026-09-16 13:01:39,9959.98,9959.98,tracked,recomputed,0.0,0.0,4.98,OK,
2026-09-16 13:31:18,9959.98,9959.98,tracked,recomputed,0.0,0.0,4.98,OK,
2026-09-16 14:01:38,9959.98,9959.98,tracked,recomputed,0.0,0.0,4.98,OK,
2026-09-16 14:31:23,9959.98,9959.98,tracked,recomputed,0.0,0.0,4.98,OK,
2026-09-16 15:01:30,9959.98,9959.98,tracked,recomputed,0.0,0.0,4.98,OK,
2026-09-16 15:31:16,9959.98,9959.98,tracked,recomputed,0.0,0.0,4.98,OK,
2026-09-16 16:01:37,9959.98,9959.98,tracked,recomputed,0.0,0.0,4.98,OK,
2026-09-16 16:31:20,9959.98,9959.98,tracked,recomputed,0.0,0.0,4.98,OK,
2026-09-16 17:01:34,9959.98,9959.98,tracked,recomputed,0.0,0.0,4.98,OK,
2026-09-16 17:31:23,9959.98,9959.98,tracked,recomputed,0.0,0.0,4.98,OK,
2026-09-16 18:01:29,9959.98,9959.98,tracked,recomputed,0.0,0.0,4.98,OK,
2026-09-16 18:31:24,9959.98,9959.98,tracked,recomputed,0.0,0.0,4.98,OK,
2026-09-16 19:01:30,9959.98,9959.98,tracked,recomputed,0.0,0.0,4.98,OK,
2026-09-16 19:31:19,9959.98,9959.98,tracked,recomputed,0.0,0.0,4.98,OK,
2026-09-16 20:01:36,9959.98,9959.98,tracked,recomputed,0.0,0.0,4.98,OK,
2026-09-16 20:31:09,9959.98,9959.98,tracked,recomputed,0.0,0.0,4.98,OK,
2026-09-16 21:01:34,9959.98,9959.98,tracked,recomputed,0.0,0.0,4.98,OK,
2026-09-16 21:31:27,9959.98,9959.98,tracked,recomputed,0.0,0.0,4.98,OK,
2026-09-16 22:01:33,9959.98,9959.98,tracked,recomputed,0.0,0.0,4.98,OK,
2026-09-16 22:31:20,9959.98,9959.98,tracked,recomputed,0.0,0.0,4.98,OK,
2026-09-16 23:01:26,9959.98,9959.98,tracked,recomputed,0.0,0.0,4.98,OK,
2026-09-16 23:31:19,9959.98,9959.98,tracked,recomputed,0.0,0.0,4.98,OK,
2026-09-17 00:01:30,9959.98,9959.98,tracked,recomputed,0.0,0.0,4.98,OK,
2026-09-17 00:31:15,9959.98,9959.98,tracked,recomputed,0.0,0.0,4.98,OK,
2026-09-17 01:01:30,9959.98,9959.98,tracked,recomputed,0.0,0.0,4.98,OK,
2026-09-17 01:31:18,9959.98,9959.98,tracked,recomputed,0.0,0.0,4.98,OK,
2026-09-17 02:01:28,9959.98,9959.98,tracked,recomputed,0.0,0.0,4.98,OK,
2026-09-17 02:31:21,9959.98,9959.98,tracked,recomputed,0.0,0.0,4.98,OK,
2026-09-17 03:01:35,9959.98,9959.98,tracked,recomputed,0.0,0.0,4.98,OK,
2026-09-17 03:31:15,9959.98,9959.98,tracked,recomputed,0.0,0.0,4.98,OK,
2026-09-17 04:01:31,9959.98,9959.98,tracked,recomputed,0.0,0.0,4.98,OK,
2026-09-17 04:31:58,9959.98,9959.98,tracked,recomputed,0.0,0.0,4.98,OK,
2026-09-17 05:01:32,9959.98,9959.98,tracked,recomputed,0.0,0.0,4.98,OK,
2026-09-17 05:31:18,9959.98,9959.98,tracked,recomputed,0.0,0.0,4.98,OK,
2026-09-17 06:01:28,9959.98,9959.98,tracked,recomputed,0.0,0.0,4.98,OK,
2026-09-17 06:31:23,9933.24,9933.24,tracked,recomputed,0.0,0.0,4.97,OK,
2026-09-17 07:01:31,9933.24,9933.24,tracked,recomputed,0.0,0.0,4.97,OK,
2026-09-17 07:31:22,9933.24,9933.24,tracked,recomputed,0.0,0.0,4.97,OK,
2026-09-17 08:01:38,9933.24,9933.24,tracked,recomputed,0.0,0.0,4.97,OK,
2026-09-17 08:31:13,9933.24,9933.24,tracked,recomputed,0.0,0.0,4.97,OK,
2026-09-17 09:01:30,9933.24,9933.24,tracked,recomputed,0.0,0.0,4.97,OK,
2026-09-17 09:31:35,9933.24,9933.24,tracked,recomputed,0.0,0.0,4.97,OK,
2026-09-17 10:01:29,9933.24,9933.24,tracked,recomputed,0.0,0.0,4.97,OK,
2026-09-17 10:31:31,9933.24,9933.24,tracked,recomputed,0.0,0.0,4.97,OK,
2026-09-17 11:01:35,9933.24,9933.24,tracked,recomputed,0.0,0.0,4.97,OK,
2026-09-17 11:31:21,9933.24,9933.24,tracked,recomputed,0.0,0.0,4.97,OK,
2026-09-17 12:01:31,9933.24,9933.24,tracked,recomputed,0.0,0.0,4.97,OK,
2026-09-17 12:31:28,9933.24,9933.24,tracked,recomputed,0.0,0.0,4.97,OK,
2026-09-17 13:01:45,9933.24,9933.24,tracked,recomputed,0.0,0.0,4.97,OK,
2026-09-17 13:31:23,9933.24,9933.24,tracked,recomputed,0.0,0.0,4.97,OK,
2026-09-17 14:01:40,9933.24,9933.24,tracked,recomputed,0.0,0.0,4.97,OK,
2026-09-17 14:31:36,9933.24,9933.24,tracked,recomputed,0.0,0.0,4.97,OK,
2026-09-17 15:01:28,9933.24,9933.24,tracked,recomputed,0.0,0.0,4.97,OK,
2026-09-17 15:31:20,9933.24,9933.24,tracked,recomputed,0.0,0.0,4.97,OK,
2026-09-17 16:01:32,9933.24,9933.24,tracked,recomputed,0.0,0.0,4.97,OK,
2026-09-17 16:31:35,9933.24,9933.24,tracked,recomputed,0.0,0.0,4.97,OK,
2026-09-17 17:01:31,9933.24,9933.24,tracked,recomputed,0.0,0.0,4.97,OK,
2026-09-17 17:31:16,9933.24,9933.24,tracked,recomputed,0.0,0.0,4.97,OK,
2026-09-17 18:01:28,9933.24,9933.24,tracked,recomputed,0.0,0.0,4.97,OK,
2026-09-17 18:31:12,9933.24,9933.24,tracked,recomputed,0.0,0.0,4.97,OK,
2026-09-17 19:01:33,9933.24,9933.24,tracked,recomputed,0.0,0.0,4.97,OK,
2026-09-17 19:31:20,9933.24,9933.24,tracked,recomputed,0.0,0.0,4.97,OK,
2026-09-17 20:01:34,9933.24,9933.24,tracked,recomputed,0.0,0.0,4.97,OK,
2026-09-17 20:31:15,9933.24,9933.24,tracked,recomputed,0.0,0.0,4.97,OK,
2026-09-17 21:01:29,9933.24,9933.24,tracked,recomputed,0.0,0.0,4.97,OK,
2026-09-17 21:31:18,9933.24,9933.24,tracked,recomputed,0.0,0.0,4.97,OK,
2026-09-17 22:01:30,9933.24,9933.24,tracked,recomputed,0.0,0.0,4.97,OK,
2026-09-17 22:31:10,9933.24,9933.24,tracked,recomputed,0.0,0.0,4.97,OK,
2026-09-17 23:01:27,9933.24,9933.24,tracked,recomputed,0.0,0.0,4.97,OK,
2026-09-17 23:31:12,9933.24,9933.24,tracked,recomputed,0.0,0.0,4.97,OK,
2026-09-18 00:01:31,9933.24,9933.24,tracked,recomputed,0.0,0.0,4.97,OK,
2026-09-18 00:31:16,9933.24,9933.24,tracked,recomputed,0.0,0.0,4.97,OK,
2026-09-18 01:01:27,9933.24,9933.24,tracked,recomputed,0.0,0.0,4.97,OK,
2026-09-18 01:31:19,9933.24,9933.24,tracked,recomputed,0.0,0.0,4.97,OK,
2026-09-18 02:01:34,9933.24,9933.24,tracked,recomputed,0.0,0.0,4.97,OK,
2026-09-18 02:31:18,9933.24,9933.24,tracked,recomputed,0.0,0.0,4.97,OK,
2026-09-18 03:01:36,9933.24,9933.24,tracked,recomputed,0.0,0.0,4.97,OK,
2026-09-18 03:31:17,9933.24,9933.24,tracked,recomputed,0.0,0.0,4.97,OK,
2026-09-18 04:01:25,9933.24,9933.24,tracked,recomputed,0.0,0.0,4.97,OK,
2026-09-18 04:31:20,9933.24,9933.24,tracked,recomputed,0.0,0.0,4.97,OK,
2026-09-18 05:01:34,9933.24,9933.24,tracked,recomputed,0.0,0.0,4.97,OK,
2026-09-18 05:31:18,9933.24,9933.24,tracked,recomputed,0.0,0.0,4.97,OK,
2026-09-18 06:01:24,9933.24,9933.24,tracked,recomputed,0.0,0.0,4.97,OK,
2026-09-18 06:31:24,9933.24,9933.24,tracked,recomputed,0.0,0.0,4.97,OK,
2026-09-18 07:01:35,9933.24,9933.24,tracked,recomputed,0.0,0.0,4.97,OK,
2026-09-18 07:31:19,9933.24,9933.24,tracked,recomputed,0.0,0.0,4.97,OK,
2026-09-18 08:01:27,9933.24,9933.24,tracked,recomputed,0.0,0.0,4.97,OK,
2026-09-18 08:31:21,9933.24,9933.24,tracked,recomputed,0.0,0.0,4.97,OK,
2026-09-18 09:01:31,9933.24,9933.24,tracked,recomputed,0.0,0.0,4.97,OK,
2026-09-18 09:31:23,9933.24,9933.24,tracked,recomputed,0.0,0.0,4.97,OK,
2026-09-18 10:01:31,9933.24,9933.24,tracked,recomputed,0.0,0.0,4.97,OK,
2026-09-18 10:31:21,9933.24,9933.24,tracked,recomputed,0.0,0.0,4.97,OK,
2026-09-18 11:01:41,9933.24,9933.24,tracked,recomputed,0.0,0.0,4.97,OK,
2026-09-18 11:31:27,9933.24,9933.24,tracked,recomputed,0.0,0.0,4.97,OK,
2026-09-18 12:01:38,9933.24,9933.24,tracked,recomputed,0.0,0.0,4.97,OK,
2026-09-18 12:31:24,9933.24,9933.24,tracked,recomputed,0.0,0.0,4.97,OK,
2026-09-18 13:01:22,9933.24,9933.24,tracked,recomputed,0.0,0.0,4.97,OK,
2026-09-18 13:31:19,9933.24,9933.24,tracked,recomputed,0.0,0.0,4.97,OK,
2026-09-18 14:01:31,9933.24,9933.24,tracked,recomputed,0.0,0.0,4.97,OK,
2026-09-18 14:31:27,9933.24,9933.24,tracked,recomputed,0.0,0.0,4.97,OK,
2026-09-18 15:01:38,9933.24,9933.24,tracked,recomputed,0.0,0.0,4.97,OK,
2026-09-18 15:31:16,9933.24,9933.24,tracked,recomputed,0.0,0.0,4.97,OK,
2026-09-18 16:01:31,9933.24,9933.24,tracked,recomputed,0.0,0.0,4.97,OK,
2026-09-18 16:31:22,9933.24,9933.24,tracked,recomputed,0.0,0.0,4.97,OK,
2026-09-18 17:01:32,9933.24,9933.24,tracked,recomputed,0.0,0.0,4.97,OK,
2026-09-18 17:31:23,9933.24,9933.24,tracked,recomputed,0.0,0.0,4.97,OK,
2026-09-18 18:01:38,9933.24,9933.24,tracked,recomputed,0.0,0.0,4.97,OK,
2026-09-18 18:31:19,9933.24,9933.24,tracked,recomputed,0.0,0.0,4.97,OK,
2026-09-18 19:01:35,9933.24,9933.24,tracked,recomputed,0.0,0.0,4.97,OK,
2026-09-18 19:31:21,9933.24,9933.24,tracked,recomputed,0.0,0.0,4.97,OK,
2026-09-18 20:01:31,9933.24,9933.24,tracked,recomputed,0.0,0.0,4.97,OK,
2026-09-18 20:31:14,9933.24,9933.24,tracked,recomputed,0.0,0.0,4.97,OK,
2026-09-18 21:01:28,9933.24,9933.24,tracked,recomputed,0.0,0.0,4.97,OK,
2026-09-18 21:31:20,9933.24,9933.24,tracked,recomputed,0.0,0.0,4.97,OK,
2026-09-18 22:01:27,9933.24,9933.24,tracked,recomputed,0.0,0.0,4.97,OK,
2026-09-18 22:31:18,9933.24,9933.24,tracked,recomputed,0.0,0.0,4.97,OK,
2026-09-18 23:01:30,9933.24,9933.24,tracked,recomputed,0.0,0.0,4.97,OK,
2026-09-18 23:31:15,9933.24,9933.24,tracked,recomputed,0.0,0.0,4.97,OK,
2026-09-19 00:01:31,9933.24,9933.24,tracked,recomputed,0.0,0.0,4.97,OK,
2026-09-19 00:31:13,9933.24,9933.24,tracked,recomputed,0.0,0.0,4.97,OK,
2026-09-19 01:01:26,9933.24,9933.24,tracked,recomputed,0.0,0.0,4.97,OK,
2026-09-19 01:31:14,9933.24,9933.24,tracked,recomputed,0.0,0.0,4.97,OK,
2026-09-19 02:01:29,9933.24,9933.24,tracked,recomputed,0.0,0.0,4.97,OK,
2026-09-19 02:31:17,9933.24,9933.24,tracked,recomputed,0.0,0.0,4.97,OK,
2026-09-19 03:01:30,9933.24,9933.24,tracked,recomputed,0.0,0.0,4.97,OK,
2026-09-19 03:31:19,9933.24,9933.24,tracked,recomputed,0.0,0.0,4.97,OK,
2026-09-19 04:01:28,9933.24,9933.24,tracked,recomputed,0.0,0.0,4.97,OK,
2026-09-19 04:31:22,9933.24,9933.24,tracked,recomputed,0.0,0.0,4.97,OK,
2026-09-19 05:01:31,9933.24,9933.24,tracked,recomputed,0.0,0.0,4.97,OK,
2026-09-19 05:31:18,9933.24,9933.24,tracked,recomputed,0.0,0.0,4.97,OK,
2026-09-19 06:01:40,9933.24,9933.24,tracked,recomputed,0.0,0.0,4.97,OK,
2026-09-19 06:31:07,9933.24,9933.24,tracked,recomputed,0.0,0.0,4.97,OK,
2026-09-19 07:01:39,9933.24,9933.24,tracked,recomputed,0.0,0.0,4.97,OK,
2026-09-19 07:31:09,9933.24,9933.24,tracked,recomputed,0.0,0.0,4.97,OK,
2026-09-19 08:01:28,9933.24,9933.24,tracked,recomputed,0.0,0.0,4.97,OK,
2026-09-19 08:31:12,9933.24,9933.24,tracked,recomputed,0.0,0.0,4.97,OK,
2026-09-19 09:01:33,9933.24,9933.24,tracked,recomputed,0.0,0.0,4.97,OK,
2026-09-19 09:31:16,9933.24,9933.24,tracked,recomputed,0.0,0.0,4.97,OK,
2026-09-19 10:01:21,9933.24,9933.24,tracked,recomputed,0.0,0.0,4.97,OK,
2026-09-19 10:31:11,9933.24,9933.24,tracked,recomputed,0.0,0.0,4.97,OK,
2026-09-19 11:31:19,9933.24,9933.24,tracked,recomputed,0.0,0.0,4.97,OK,
2026-09-19 12:01:30,9933.24,9933.24,tracked,recomputed,0.0,0.0,4.97,OK,
2026-09-19 12:31:16,9933.24,9933.24,tracked,recomputed,0.0,0.0,4.97,OK,
2026-09-19 13:01:26,9933.24,9933.24,tracked,recomputed,0.0,0.0,4.97,OK,
2026-09-19 13:31:16,9933.24,9933.24,tracked,recomputed,0.0,0.0,4.97,OK,
2026-09-19 14:01:25,9933.24,9933.24,tracked,recomputed,0.0,0.0,4.97,OK,
2026-09-19 14:31:17,9933.24,9933.24,tracked,recomputed,0.0,0.0,4.97,OK,
2026-09-19 15:01:29,9933.24,9933.24,tracked,recomputed,0.0,0.0,4.97,OK,
2026-09-19 15:31:13,9933.24,9933.24,tracked,recomputed,0.0,0.0,4.97,OK,
2026-09-19 16:01:29,9933.24,9933.24,tracked,recomputed,0.0,0.0,4.97,OK,
2026-09-19 16:31:25,9933.24,9933.24,tracked,recomputed,0.0,0.0,4.97,OK,
2026-09-19 17:02:13,9933.24,9933.24,tracked,recomputed,0.0,0.0,4.97,OK,
2026-09-19 17:31:14,9933.24,9933.24,tracked,recomputed,0.0,0.0,4.97,OK,
2026-09-19 18:01:23,9933.24,9933.24,tracked,recomputed,0.0,0.0,4.97,OK,
2026-09-19 18:31:22,9933.24,9933.24,tracked,recomputed,0.0,0.0,4.97,OK,
2026-09-19 19:01:32,9933.24,9933.24,tracked,recomputed,0.0,0.0,4.97,OK,
2026-09-19 19:31:19,9933.24,9933.24,tracked,recomputed,0.0,0.0,4.97,OK,
2026-09-19 20:01:26,9933.24,9933.24,tracked,recomputed,0.0,0.0,4.97,OK,
2026-09-19 20:31:15,9933.24,9933.24,tracked,recomputed,0.0,0.0,4.97,OK,
2026-09-19 21:01:29,9933.24,9933.24,tracked,recomputed,0.0,0.0,4.97,OK,
2026-09-19 21:31:25,9933.24,9933.24,tracked,recomputed,0.0,0.0,4.97,OK,
2026-09-19 22:01:30,9933.24,9933.24,tracked,recomputed,0.0,0.0,4.97,OK,
2026-09-19 22:31:15,9933.24,9933.24,tracked,recomputed,0.0,0.0,4.97,OK,
2026-09-19 23:01:22,9933.24,9933.24,tracked,recomputed,0.0,0.0,4.97,OK,
2026-09-19 23:31:14,9933.24,9933.24,tracked,recomputed,0.0,0.0,4.97,OK,
2026-09-20 00:01:41,9933.24,9933.24,tracked,recomputed,0.0,0.0,4.97,OK,
2026-09-20 00:31:20,9933.24,9933.24,tracked,recomputed,0.0,0.0,4.97,OK,
2026-09-20 01:01:28,9933.24,9933.24,tracked,recomputed,0.0,0.0,4.97,OK,
2026-09-20 01:31:16,9933.24,9933.24,tracked,recomputed,0.0,0.0,4.97,OK,
2026-09-20 02:01:29,9933.24,9933.24,tracked,recomputed,0.0,0.0,4.97,OK,
2026-09-20 02:31:18,9933.24,9933.24,tracked,recomputed,0.0,0.0,4.97,OK,
2026-09-20 03:01:28,9933.24,9933.24,tracked,recomputed,0.0,0.0,4.97,OK,
2026-09-20 03:31:20,9933.24,9933.24,tracked,recomputed,0.0,0.0,4.97,OK,
2026-09-20 04:01:35,9933.24,9933.24,tracked,recomputed,0.0,0.0,4.97,OK,
2026-09-20 04:31:21,9933.24,9933.24,tracked,recomputed,0.0,0.0,4.97,OK,
2026-09-20 05:01:28,9933.24,9933.24,tracked,recomputed,0.0,0.0,4.97,OK,
2026-09-20 05:31:18,9933.24,9933.24,tracked,recomputed,0.0,0.0,4.97,OK,
2026-09-20 06:01:30,9933.24,9933.24,tracked,recomputed,0.0,0.0,4.97,OK,
2026-09-20 06:31:23,9933.24,9933.24,tracked,recomputed,0.0,0.0,4.97,OK,
2026-09-20 07:01:29,9933.24,9933.24,tracked,recomputed,0.0,0.0,4.97,OK,
2026-09-20 07:31:19,9933.24,9933.24,tracked,recomputed,0.0,0.0,4.97,OK,
2026-09-20 08:01:26,9933.24,9933.24,tracked,recomputed,0.0,0.0,4.97,OK,
2026-09-20 08:31:08,9933.24,9933.24,tracked,recomputed,0.0,0.0,4.97,OK,
2026-09-20 09:01:33,9933.24,9933.24,tracked,recomputed,0.0,0.0,4.97,OK,
2026-09-20 09:31:18,9933.24,9933.24,tracked,recomputed,0.0,0.0,4.97,OK,
2026-09-20 10:01:27,9933.24,9933.24,tracked,recomputed,0.0,0.0,4.97,OK,
2026-09-20 10:31:13,9933.24,9933.24,tracked,recomputed,0.0,0.0,4.97,OK,
2026-09-20 11:01:27,9933.24,9933.24,tracked,recomputed,0.0,0.0,4.97,OK,
2026-09-20 11:31:17,9933.24,9933.24,tracked,recomputed,0.0,0.0,4.97,OK,
2026-09-20 12:01:30,9933.24,9933.24,tracked,recomputed,0.0,0.0,4.97,OK,
2026-09-20 12:31:17,9933.24,9933.24,tracked,recomputed,0.0,0.0,4.97,OK,
2026-09-20 13:01:29,9933.24,9933.24,tracked,recomputed,0.0,0.0,4.97,OK,
2026-09-20 13:31:14,9933.24,9933.24,tracked,recomputed,0.0,0.0,4.97,OK,
2026-09-20 14:01:31,9933.24,9933.24,tracked,recomputed,0.0,0.0,4.97,OK,
2026-09-20 14:31:22,9933.24,9933.24,tracked,recomputed,0.0,0.0,4.97,OK,
2026-09-20 15:01:40,9933.24,9933.24,tracked,recomputed,0.0,0.0,4.97,OK,
2026-09-20 15:31:14,9933.24,9933.24,tracked,recomputed,0.0,0.0,4.97,OK,
2026-09-20 16:01:29,9933.24,9933.24,tracked,recomputed,0.0,0.0,4.97,OK,
2026-09-20 16:31:19,9933.24,9933.24,tracked,recomputed,0.0,0.0,4.97,OK,
2026-09-20 17:01:26,9933.24,9933.24,tracked,recomputed,0.0,0.0,4.97,OK,
2026-09-20 17:31:17,9933.24,9933.24,tracked,recomputed,0.0,0.0,4.97,OK,
2026-09-20 18:01:24,9933.24,9933.24,tracked,recomputed,0.0,0.0,4.97,OK,
2026-09-20 18:31:13,9933.24,9933.24,tracked,recomputed,0.0,0.0,4.97,OK,
2026-09-20 19:01:36,9933.24,9933.24,tracked,recomputed,0.0,0.0,4.97,OK,
2026-09-20 19:31:20,9933.24,9933.24,tracked,recomputed,0.0,0.0,4.97,OK,
2026-09-20 20:01:24,9933.24,9933.24,tracked,recomputed,0.0,0.0,4.97,OK,
2026-09-20 20:31:17,9933.24,9933.24,tracked,recomputed,0.0,0.0,4.97,OK,
2026-09-20 21:01:28,9933.24,9933.24,tracked,recomputed,0.0,0.0,4.97,OK,
2026-09-20 21:31:14,9933.24,9933.24,tracked,recomputed,0.0,0.0,4.97,OK,
2026-09-20 22:01:33,9933.24,9933.24,tracked,recomputed,0.0,0.0,4.97,OK,
2026-09-20 22:31:08,9933.24,9933.24,tracked,recomputed,0.0,0.0,4.97,OK,
2026-09-20 23:01:27,9933.24,9933.24,tracked,recomputed,0.0,0.0,4.97,OK,
2026-09-20 23:31:16,9933.24,9933.24,tracked,recomputed,0.0,0.0,4.97,OK,
2026-09-21 00:01:30,9933.24,9933.24,tracked,recomputed,0.0,0.0,4.97,OK,
2026-09-21 00:31:17,9933.24,9933.24,tracked,recomputed,0.0,0.0,4.97,OK,
2026-09-21 01:01:29,9933.24,9933.24,tracked,recomputed,0.0,0.0,4.97,OK,
2026-09-21 01:31:20,9933.24,9933.24,tracked,recomputed,0.0,0.0,4.97,OK,
2026-09-21 02:01:29,9933.24,9933.24,tracked,recomputed,0.0,0.0,4.97,OK,
2026-09-21 02:31:21,9933.24,9933.24,tracked,recomputed,0.0,0.0,4.97,OK,
2026-09-21 03:01:34,9933.24,9933.24,tracked,recomputed,0.0,0.0,4.97,OK,
2026-09-21 03:31:16,9933.24,9933.24,tracked,recomputed,0.0,0.0,4.97,OK,
2026-09-21 04:01:35,9933.24,9933.24,tracked,recomputed,0.0,0.0,4.97,OK,
2026-09-21 04:31:18,9933.24,9933.24,tracked,recomputed,0.0,0.0,4.97,OK,
2026-09-21 05:01:34,9933.24,9933.24,tracked,recomputed,0.0,0.0,4.97,OK,
2026-09-21 05:31:19,9933.24,9933.24,tracked,recomputed,0.0,0.0,4.97,OK,
2026-09-21 06:01:31,9933.24,9933.24,tracked,recomputed,0.0,0.0,4.97,OK,
2026-09-21 06:31:22,9933.24,9933.24,tracked,recomputed,0.0,0.0,4.97,OK,
2026-09-21 07:01:34,9933.24,9933.24,tracked,recomputed,0.0,0.0,4.97,OK,
2026-09-21 07:31:24,9933.24,9933.24,tracked,recomputed,0.0,0.0,4.97,OK,
2026-09-21 08:01:30,9933.24,9933.24,tracked,recomputed,0.0,0.0,4.97,OK,
2026-09-21 08:31:22,9933.24,9933.24,tracked,recomputed,0.0,0.0,4.97,OK,
2026-09-21 09:01:31,9933.24,9933.24,tracked,recomputed,0.0,0.0,4.97,OK,
2026-09-21 09:31:22,9933.24,9933.24,tracked,recomputed,0.0,0.0,4.97,OK,
2026-09-21 10:01:35,9933.24,9933.24,tracked,recomputed,0.0,0.0,4.97,OK,
2026-09-21 10:31:20,9933.24,9933.24,tracked,recomputed,0.0,0.0,4.97,OK,
2026-09-21 11:01:33,9933.24,9933.24,tracked,recomputed,0.0,0.0,4.97,OK,
2026-09-21 11:31:18,9933.24,9933.24,tracked,recomputed,0.0,0.0,4.97,OK,
2026-09-21 12:01:41,9933.24,9933.24,tracked,recomputed,0.0,0.0,4.97,OK,
2026-09-21 12:31:22,9933.24,9933.24,tracked,recomputed,0.0,0.0,4.97,OK,
2026-09-21 13:01:32,9933.24,9933.24,tracked,recomputed,0.0,0.0,4.97,OK,
2026-09-21 13:31:22,9933.24,9933.24,tracked,recomputed,0.0,0.0,4.97,OK,
2026-09-21 14:31:30,9933.24,9933.24,tracked,recomputed,0.0,0.0,4.97,OK,
2026-09-21 15:01:40,9933.24,9933.24,tracked,recomputed,0.0,0.0,4.97,OK,
2026-09-21 16:01:49,9933.24,9933.24,tracked,recomputed,0.0,0.0,4.97,OK,
2026-09-21 16:31:19,9933.24,9933.24,tracked,recomputed,0.0,0.0,4.97,OK,
2026-09-21 17:01:36,9933.24,9933.24,tracked,recomputed,0.0,0.0,4.97,OK,
2026-09-21 17:31:14,9933.24,9933.24,tracked,recomputed,0.0,0.0,4.97,OK,
2026-09-21 18:01:36,9933.24,9933.24,tracked,recomputed,0.0,0.0,4.97,OK,
2026-09-21 18:31:17,9933.24,9933.24,tracked,recomputed,0.0,0.0,4.97,OK,
2026-09-21 19:01:32,9933.24,9933.24,tracked,recomputed,0.0,0.0,4.97,OK,
2026-09-21 19:31:20,9933.24,9933.24,tracked,recomputed,0.0,0.0,4.97,OK,
2026-09-21 20:01:28,9933.24,9933.24,tracked,recomputed,0.0,0.0,4.97,OK,
2026-09-21 20:31:23,9933.24,9933.24,tracked,recomputed,0.0,0.0,4.97,OK,
2026-09-21 21:01:36,9933.24,9933.24,tracked,recomputed,0.0,0.0,4.97,OK,
2026-09-21 21:31:23,9933.24,9933.24,tracked,recomputed,0.0,0.0,4.97,OK,
2026-09-21 22:01:40,9933.24,9933.24,tracked,recomputed,0.0,0.0,4.97,OK,
2026-09-21 22:31:22,9933.24,9933.24,tracked,recomputed,0.0,0.0,4.97,OK,
2026-09-21 23:01:33,9933.24,9933.24,tracked,recomputed,0.0,0.0,4.97,OK,
2026-09-21 23:31:16,9933.24,9933.24,tracked,recomputed,0.0,0.0,4.97,OK,
2026-09-22 00:01:40,9933.24,9933.24,tracked,recomputed,0.0,0.0,4.97,OK,
2026-09-22 00:31:15,9933.24,9933.24,tracked,recomputed,0.0,0.0,4.97,OK,
2026-09-22 01:01:30,9933.24,9933.24,tracked,recomputed,0.0,0.0,4.97,OK,
2026-09-22 01:31:16,9933.24,9933.24,tracked,recomputed,0.0,0.0,4.97,OK,
2026-09-22 02:01:22,9933.24,9933.24,tracked,recomputed,0.0,0.0,4.97,OK,
2026-09-22 02:31:21,9933.24,9933.24,tracked,recomputed,0.0,0.0,4.97,OK,
2026-09-22 03:01:38,9933.24,9933.24,tracked,recomputed,0.0,0.0,4.97,OK,
2026-09-22 03:31:19,9933.24,9933.24,tracked,recomputed,0.0,0.0,4.97,OK,
2026-09-22 04:02:03,9933.24,9933.24,tracked,recomputed,0.0,0.0,4.97,OK,
2026-09-22 04:31:16,9933.24,9933.24,tracked,recomputed,0.0,0.0,4.97,OK,
2026-09-22 05:01:33,9933.24,9933.24,tracked,recomputed,0.0,0.0,4.97,OK,
2026-09-22 05:31:18,9933.24,9933.24,tracked,recomputed,0.0,0.0,4.97,OK,
2026-09-22 06:01:34,9933.24,9933.24,tracked,recomputed,0.0,0.0,4.97,OK,
2026-09-22 06:31:20,9933.24,9933.24,tracked,recomputed,0.0,0.0,4.97,OK,
2026-09-22 07:01:26,9933.24,9933.24,tracked,recomputed,0.0,0.0,4.97,OK,
2026-09-22 07:31:18,9933.24,9933.24,tracked,recomputed,0.0,0.0,4.97,OK,
2026-09-22 08:01:34,9933.24,9933.24,tracked,recomputed,0.0,0.0,4.97,OK,
2026-09-22 08:31:36,9933.24,9933.24,tracked,recomputed,0.0,0.0,4.97,OK,
2026-09-22 09:01:35,9933.24,9933.24,tracked,recomputed,0.0,0.0,4.97,OK,
2026-09-22 09:31:30,9933.24,9933.24,tracked,recomputed,0.0,0.0,4.97,OK,
2026-09-22 10:01:33,9933.24,9933.24,tracked,recomputed,0.0,0.0,4.97,OK,
2026-09-22 10:31:14,9933.24,9933.24,tracked,recomputed,0.0,0.0,4.97,OK,
2026-09-22 11:01:39,9933.24,9933.24,tracked,recomputed,0.0,0.0,4.97,OK,
2026-09-22 11:31:20,9933.24,9933.24,tracked,recomputed,0.0,0.0,4.97,OK,
2026-09-22 12:01:39,9933.24,9933.24,tracked,recomputed,0.0,0.0,4.97,OK,
2026-09-22 12:31:19,9933.24,9933.24,tracked,recomputed,0.0,0.0,4.97,OK,
2026-09-22 13:01:45,9933.24,9933.24,tracked,recomputed,0.0,0.0,4.97,OK,
2026-09-22 13:31:24,9933.24,9933.24,tracked,recomputed,0.0,0.0,4.97,OK,
2026-09-22 14:01:34,9933.24,9933.24,tracked,recomputed,0.0,0.0,4.97,OK,
2026-09-22 14:31:27,9933.24,9933.24,tracked,recomputed,0.0,0.0,4.97,OK,
2026-09-22 15:01:42,9933.24,9933.24,tracked,recomputed,0.0,0.0,4.97,OK,
2026-09-22 15:31:20,9933.24,9933.24,tracked,recomputed,0.0,0.0,4.97,OK,
2026-09-22 16:01:57,9933.24,9933.24,tracked,recomputed,0.0,0.0,4.97,OK,
2026-09-22 16:31:27,9933.24,9933.24,tracked,recomputed,0.0,0.0,4.97,OK,
2026-09-22 17:01:45,9933.24,9933.24,tracked,recomputed,0.0,0.0,4.97,OK,
2026-09-22 17:31:23,9933.24,9933.24,tracked,recomputed,0.0,0.0,4.97,OK,
2026-09-22 18:01:25,9933.24,9933.24,tracked,recomputed,0.0,0.0,4.97,OK,
2026-09-22 18:31:21,9933.24,9933.24,tracked,recomputed,0.0,0.0,4.97,OK,
2026-09-22 19:01:30,9933.24,9933.24,tracked,recomputed,0.0,0.0,4.97,OK,
2026-09-22 19:31:17,9933.24,9933.24,tracked,recomputed,0.0,0.0,4.97,OK,
2026-09-22 20:01:29,9933.24,9933.24,tracked,recomputed,0.0,0.0,4.97,OK,
2026-09-22 20:31:19,9933.24,9933.24,tracked,recomputed,0.0,0.0,4.97,OK,
2026-09-22 21:01:32,9933.24,9933.24,tracked,recomputed,0.0,0.0,4.97,OK,
2026-09-22 21:31:17,9933.24,9933.24,tracked,recomputed,0.0,0.0,4.97,OK,
2026-09-22 22:01:34,9933.24,9933.24,tracked,recomputed,0.0,0.0,4.97,OK,
2026-09-22 22:31:17,9933.24,9933.24,tracked,recomputed,0.0,0.0,4.97,OK,
2026-09-22 23:01:33,9933.24,9933.24,tracked,recomputed,0.0,0.0,4.97,OK,
2026-09-22 23:31:16,9933.24,9933.24,tracked,recomputed,0.0,0.0,4.97,OK,
2026-09-23 00:01:40,9933.24,9933.24,tracked,recomputed,0.0,0.0,4.97,OK,
2026-09-23 00:31:18,9933.24,9933.24,tracked,recomputed,0.0,0.0,4.97,OK,
2026-09-23 01:01:41,9933.24,9933.24,tracked,recomputed,0.0,0.0,4.97,OK,
2026-09-23 01:31:23,9933.24,9933.24,tracked,recomputed,0.0,0.0,4.97,OK,
2026-09-23 02:01:33,9933.24,9933.24,tracked,recomputed,0.0,0.0,4.97,OK,
2026-09-23 02:31:16,9933.24,9933.24,tracked,recomputed,0.0,0.0,4.97,OK,
2026-09-23 03:02:05,9933.24,9933.24,tracked,recomputed,0.0,0.0,4.97,OK,
2026-09-23 03:31:24,9933.24,9933.24,tracked,recomputed,0.0,0.0,4.97,OK,
2026-09-23 04:01:31,9933.24,9933.24,tracked,recomputed,0.0,0.0,4.97,OK,
2026-09-23 04:31:21,9933.24,9933.24,tracked,recomputed,0.0,0.0,4.97,OK,
2026-09-23 05:01:24,9933.24,9933.24,tracked,recomputed,0.0,0.0,4.97,OK,
2026-09-23 05:31:15,9933.24,9933.24,tracked,recomputed,0.0,0.0,4.97,OK,
2026-09-23 06:01:27,9933.24,9933.24,tracked,recomputed,0.0,0.0,4.97,OK,
2026-09-23 06:31:19,9933.24,9933.24,tracked,recomputed,0.0,0.0,4.97,OK,
2026-09-23 07:01:30,9933.24,9933.24,tracked,recomputed,0.0,0.0,4.97,OK,
2026-09-23 07:31:20,9933.24,9933.24,tracked,recomputed,0.0,0.0,4.97,OK,
2026-09-23 08:01:31,9933.24,9933.24,tracked,recomputed,0.0,0.0,4.97,OK,
2026-09-23 08:31:24,9933.24,9933.24,tracked,recomputed,0.0,0.0,4.97,OK,
2026-09-23 09:01:36,9933.24,9933.24,tracked,recomputed,0.0,0.0,4.97,OK,
2026-09-23 09:31:16,9933.24,9933.24,tracked,recomputed,0.0,0.0,4.97,OK,
2026-09-23 10:01:30,9933.24,9933.24,tracked,recomputed,0.0,0.0,4.97,OK,
2026-09-23 10:31:17,9933.24,9933.24,tracked,recomputed,0.0,0.0,4.97,OK,
2026-09-23 11:01:30,9933.24,9933.24,tracked,recomputed,0.0,0.0,4.97,OK,
2026-09-23 11:31:20,9933.24,9933.24,tracked,recomputed,0.0,0.0,4.97,OK,
2026-09-23 12:01:32,9933.24,9933.24,tracked,recomputed,0.0,0.0,4.97,OK,
2026-09-23 12:31:28,9933.24,9933.24,tracked,recomputed,0.0,0.0,4.97,OK,
2026-09-23 13:01:29,9933.24,9933.24,tracked,recomputed,0.0,0.0,4.97,OK,
2026-09-23 13:31:19,9933.24,9933.24,tracked,recomputed,0.0,0.0,4.97,OK,
2026-09-23 14:01:29,9933.24,9933.24,tracked,recomputed,0.0,0.0,4.97,OK,
2026-09-23 14:31:14,9933.24,9933.24,tracked,recomputed,0.0,0.0,4.97,OK,
2026-09-23 15:01:39,9933.24,9933.24,tracked,recomputed,0.0,0.0,4.97,OK,
2026-09-23 15:31:29,9933.24,9933.24,tracked,recomputed,0.0,0.0,4.97,OK,
2026-09-23 16:01:32,9933.24,9933.24,tracked,recomputed,0.0,0.0,4.97,OK,
2026-09-23 16:31:22,9933.24,9933.24,tracked,recomputed,0.0,0.0,4.97,OK,
2026-09-23 17:31:21,9933.24,9933.24,tracked,recomputed,0.0,0.0,4.97,OK,
2026-09-23 18:01:39,9933.24,9933.24,tracked,recomputed,0.0,0.0,4.97,OK,
2026-09-23 18:31:22,9933.24,9933.24,tracked,recomputed,0.0,0.0,4.97,OK,
2026-09-23 19:01:33,9933.24,9933.24,tracked,recomputed,0.0,0.0,4.97,OK,
2026-09-23 19:31:21,9933.24,9933.24,tracked,recomputed,0.0,0.0,4.97,OK,
2026-09-23 20:01:19,9933.24,9933.24,tracked,recomputed,0.0,0.0,4.97,OK,
2026-09-23 20:31:15,9933.24,9933.24,tracked,recomputed,0.0,0.0,4.97,OK,
2026-09-23 21:01:37,9933.24,9933.24,tracked,recomputed,0.0,0.0,4.97,OK,
2026-09-23 21:31:20,9933.24,9933.24,tracked,recomputed,0.0,0.0,4.97,OK,
2026-09-23 22:01:32,9933.24,9933.24,tracked,recomputed,0.0,0.0,4.97,OK,
2026-09-23 22:31:15,9933.24,9933.24,tracked,recomputed,0.0,0.0,4.97,OK,
2026-09-23 23:01:24,9933.24,9933.24,tracked,recomputed,0.0,0.0,4.97,OK,
2026-09-23 23:31:13,9933.24,9933.24,tracked,recomputed,0.0,0.0,4.97,OK,
2026-09-24 00:01:32,9933.24,9933.24,tracked,recomputed,0.0,0.0,4.97,OK,
2026-09-24 00:31:54,9933.24,9933.24,tracked,recomputed,0.0,0.0,4.97,OK,
2026-09-24 01:01:30,9933.24,9933.24,tracked,recomputed,0.0,0.0,4.97,OK,
2026-09-24 01:31:16,9933.24,9933.24,tracked,recomputed,0.0,0.0,4.97,OK,
2026-09-24 02:01:28,9933.24,9933.24,tracked,recomputed,0.0,0.0,4.97,OK,
2026-09-24 02:31:14,9933.24,9933.24,tracked,recomputed,0.0,0.0,4.97,OK,
2026-09-24 03:01:25,9933.24,9933.24,tracked,recomputed,0.0,0.0,4.97,OK,
2026-09-24 03:31:14,9933.24,9933.24,tracked,recomputed,0.0,0.0,4.97,OK,
2026-09-24 04:01:23,9933.24,9933.24,tracked,recomputed,0.0,0.0,4.97,OK,
2026-09-24 04:31:05,9933.24,9933.24,tracked,recomputed,0.0,0.0,4.97,OK,
2026-09-24 05:01:24,9933.24,9933.24,tracked,recomputed,0.0,0.0,4.97,OK,
2026-09-24 05:31:14,9933.24,9933.24,tracked,recomputed,0.0,0.0,4.97,OK,
2026-09-24 06:01:33,9933.24,9933.24,tracked,recomputed,0.0,0.0,4.97,OK,
2026-09-24 06:31:19,9933.24,9933.24,tracked,recomputed,0.0,0.0,4.97,OK,
2026-09-24 07:01:29,9933.24,9933.24,tracked,recomputed,0.0,0.0,4.97,OK,
2026-09-24 07:31:24,9933.24,9933.24,tracked,recomputed,0.0,0.0,4.97,OK,
2026-09-24 08:01:31,9933.24,9933.24,tracked,recomputed,0.0,0.0,4.97,OK,
2026-09-24 08:31:15,9933.24,9933.24,tracked,recomputed,0.0,0.0,4.97,OK,
2026-09-24 09:01:28,9933.24,9933.24,tracked,recomputed,0.0,0.0,4.97,OK,
2026-09-24 09:31:17,9933.24,9933.24,tracked,recomputed,0.0,0.0,4.97,OK,
2026-09-24 10:01:24,9933.24,9933.24,tracked,recomputed,0.0,0.0,4.97,OK,
2026-09-24 10:31:21,9933.24,9933.24,tracked,recomputed,0.0,0.0,4.97,OK,
2026-09-24 11:01:31,9933.24,9933.24,tracked,recomputed,0.0,0.0,4.97,OK,
2026-09-24 11:31:20,9933.24,9933.24,tracked,recomputed,0.0,0.0,4.97,OK,
2026-09-24 12:01:31,9933.24,9933.24,tracked,recomputed,0.0,0.0,4.97,OK,
2026-09-24 12:31:12,9933.24,9933.24,tracked,recomputed,0.0,0.0,4.97,OK,
2026-09-24 13:01:33,9933.24,9933.24,tracked,recomputed,0.0,0.0,4.97,OK,
2026-09-24 13:31:23,9933.24,9933.24,tracked,recomputed,0.0,0.0,4.97,OK,
2026-09-24 14:01:27,9933.24,9933.24,tracked,recomputed,0.0,0.0,4.97,OK,
2026-09-24 14:31:20,9933.24,9933.24,tracked,recomputed,0.0,0.0,4.97,OK,
2026-09-24 15:01:38,9933.24,9933.24,tracked,recomputed,0.0,0.0,4.97,OK,
2026-09-24 15:31:26,9933.24,9933.24,tracked,recomputed,0.0,0.0,4.97,OK,
2026-09-24 16:01:34,9933.24,9933.24,tracked,recomputed,0.0,0.0,4.97,OK,
2026-09-24 16:31:21,9933.24,9933.24,tracked,recomputed,0.0,0.0,4.97,OK,
2026-09-24 17:01:34,9933.24,9933.24,tracked,recomputed,0.0,0.0,4.97,OK,
2026-09-24 17:31:20,9933.24,9933.24,tracked,recomputed,0.0,0.0,4.97,OK,
2026-09-24 18:01:33,9933.24,9933.24,tracked,recomputed,0.0,0.0,4.97,OK,
2026-09-24 18:31:17,9933.24,9933.24,tracked,recomputed,0.0,0.0,4.97,OK,
2026-09-24 19:01:34,9933.24,9933.24,tracked,recomputed,0.0,0.0,4.97,OK,
2026-09-24 19:31:19,9933.24,9933.24,tracked,recomputed,0.0,0.0,4.97,OK,
2026-09-24 20:01:36,9933.24,9933.24,tracked,recomputed,0.0,0.0,4.97,OK,
2026-09-24 20:31:30,9933.24,9933.24,tracked,recomputed,0.0,0.0,4.97,OK,
2026-09-24 21:01:27,9933.24,9933.24,tracked,recomputed,0.0,0.0,4.97,OK,
2026-09-24 21:31:24,9933.24,9933.24,tracked,recomputed,0.0,0.0,4.97,OK,
2026-09-24 22:01:27,9933.24,9933.24,tracked,recomputed,0.0,0.0,4.97,OK,
2026-09-24 22:31:14,9933.24,9933.24,tracked,recomputed,0.0,0.0,4.97,OK,
2026-09-24 23:01:24,9933.24,9933.24,tracked,recomputed,0.0,0.0,4.97,OK,
2026-09-24 23:31:16,9933.24,9933.24,tracked,recomputed,0.0,0.0,4.97,OK,
2026-09-25 00:01:30,9933.24,9933.24,tracked,recomputed,0.0,0.0,4.97,OK,
2026-09-25 00:31:16,9933.24,9933.24,tracked,recomputed,0.0,0.0,4.97,OK,
2026-09-25 01:01:27,9933.24,9933.24,tracked,recomputed,0.0,0.0,4.97,OK,
2026-09-25 01:31:13,9933.24,9933.24,tracked,recomputed,0.0,0.0,4.97,OK,
2026-09-25 02:01:29,9933.24,9933.24,tracked,recomputed,0.0,0.0,4.97,OK,
2026-09-25 02:31:12,9933.24,9933.24,tracked,recomputed,0.0,0.0,4.97,OK,
2026-09-25 03:01:27,9933.24,9933.24,tracked,recomputed,0.0,0.0,4.97,OK,
2026-09-25 03:31:16,9933.24,9933.24,tracked,recomputed,0.0,0.0,4.97,OK,
2026-09-25 04:01:29,9933.24,9933.24,tracked,recomputed,0.0,0.0,4.97,OK,
2026-09-25 04:31:15,9933.24,9933.24,tracked,recomputed,0.0,0.0,4.97,OK,
2026-09-25 05:01:27,9933.24,9933.24,tracked,recomputed,0.0,0.0,4.97,OK,
2026-09-25 05:31:07,9933.24,9933.24,tracked,recomputed,0.0,0.0,4.97,OK,
2026-09-25 06:01:24,9933.24,9933.24,tracked,recomputed,0.0,0.0,4.97,OK,
2026-09-25 06:31:12,9933.24,9933.24,tracked,recomputed,0.0,0.0,4.97,OK,
2026-09-25 07:01:30,9933.24,9933.24,tracked,recomputed,0.0,0.0,4.97,OK,
2026-09-25 07:31:23,9933.24,9933.24,tracked,recomputed,0.0,0.0,4.97,OK,
2026-09-25 08:02:06,9933.24,9933.24,tracked,recomputed,0.0,0.0,4.97,OK,
2026-09-25 08:31:21,9933.24,9933.24,tracked,recomputed,0.0,0.0,4.97,OK,
2026-09-25 09:01:30,9933.24,9933.24,tracked,recomputed,0.0,0.0,4.97,OK,
2026-09-25 09:31:18,9933.24,9933.24,tracked,recomputed,0.0,0.0,4.97,OK,
2026-09-25 10:01:29,9933.24,9933.24,tracked,recomputed,0.0,0.0,4.97,OK,
2026-09-25 10:31:18,9933.24,9933.24,tracked,recomputed,0.0,0.0,4.97,OK,
2026-09-25 11:01:34,9933.24,9933.24,tracked,recomputed,0.0,0.0,4.97,OK,
2026-09-25 11:31:21,9933.24,9933.24,tracked,recomputed,0.0,0.0,4.97,OK,
2026-09-25 12:01:35,9933.24,9933.24,tracked,recomputed,0.0,0.0,4.97,OK,
2026-09-25 12:31:28,9933.24,9933.24,tracked,recomputed,0.0,0.0,4.97,OK,
2026-09-25 13:01:34,9933.24,9933.24,tracked,recomputed,0.0,0.0,4.97,OK,
2026-09-25 13:31:13,9933.24,9933.24,tracked,recomputed,0.0,0.0,4.97,OK,
2026-09-25 14:01:30,9933.24,9933.24,tracked,recomputed,0.0,0.0,4.97,OK,
2026-09-25 14:31:21,9933.24,9933.24,tracked,recomputed,0.0,0.0,4.97,OK,
2026-09-25 15:01:38,9933.24,9933.24,tracked,recomputed,0.0,0.0,4.97,OK,
2026-09-25 15:31:27,9933.24,9933.24,tracked,recomputed,0.0,0.0,4.97,OK,
2026-09-25 16:01:35,9933.24,9933.24,tracked,recomputed,0.0,0.0,4.97,OK,
2026-09-25 16:31:28,9933.24,9933.24,tracked,recomputed,0.0,0.0,4.97,OK,
2026-09-25 17:01:34,9933.24,9933.24,tracked,recomputed,0.0,0.0,4.97,OK,
2026-09-25 17:31:17,9933.24,9933.24,tracked,recomputed,0.0,0.0,4.97,OK,
2026-09-25 18:01:29,9933.24,9933.24,tracked,recomputed,0.0,0.0,4.97,OK,
2026-09-25 18:31:19,9933.24,9933.24,tracked,recomputed,0.0,0.0,4.97,OK,
2026-09-25 19:01:25,9933.24,9933.24,tracked,recomputed,0.0,0.0,4.97,OK,
2026-09-25 19:31:18,9933.24,9933.24,tracked,recomputed,0.0,0.0,4.97,OK,
2026-09-25 20:01:32,9933.24,9933.24,tracked,recomputed,0.0,0.0,4.97,OK,
2026-09-25 20:31:22,9933.24,9933.24,tracked,recomputed,0.0,0.0,4.97,OK,
2026-09-25 21:01:28,9933.24,9933.24,tracked,recomputed,0.0,0.0,4.97,OK,
2026-09-25 21:31:07,9933.24,9933.24,tracked,recomputed,0.0,0.0,4.97,OK,
2026-09-25 22:01:27,9933.24,9933.24,tracked,recomputed,0.0,0.0,4.97,OK,
2026-09-25 22:31:15,9933.24,9933.24,tracked,recomputed,0.0,0.0,4.97,OK,
2026-09-25 23:01:30,9933.24,9933.24,tracked,recomputed,0.0,0.0,4.97,OK,
2026-09-25 23:31:06,9933.24,9933.24,tracked,recomputed,0.0,0.0,4.97,OK,
2026-09-26 00:01:33,9933.24,9933.24,tracked,recomputed,0.0,0.0,4.97,OK,
2026-09-26 00:31:09,9933.24,9933.24,tracked,recomputed,0.0,0.0,4.97,OK,
2026-09-26 01:01:29,9933.24,9933.24,tracked,recomputed,0.0,0.0,4.97,OK,
2026-09-26 01:31:10,9933.24,9933.24,tracked,recomputed,0.0,0.0,4.97,OK,
2026-09-26 02:01:20,9933.24,9933.24,tracked,recomputed,0.0,0.0,4.97,OK,
2026-09-26 02:31:18,9933.24,9933.24,tracked,recomputed,0.0,0.0,4.97,OK,
2026-09-26 03:01:46,9933.24,9933.24,tracked,recomputed,0.0,0.0,4.97,OK,
2026-09-26 03:31:18,9933.24,9933.24,tracked,recomputed,0.0,0.0,4.97,OK,
2026-09-26 04:01:26,9933.24,9933.24,tracked,recomputed,0.0,0.0,4.97,OK,
2026-09-26 04:31:15,9933.24,9933.24,tracked,recomputed,0.0,0.0,4.97,OK,
2026-09-26 05:01:28,9933.24,9933.24,tracked,recomputed,0.0,0.0,4.97,OK,
2026-09-26 05:31:22,9933.24,9933.24,tracked,recomputed,0.0,0.0,4.97,OK,
2026-09-26 06:01:23,9933.24,9933.24,tracked,recomputed,0.0,0.0,4.97,OK,
2026-09-26 06:31:14,9933.24,9933.24,tracked,recomputed,0.0,0.0,4.97,OK,
2026-09-26 07:01:23,9933.24,9933.24,tracked,recomputed,0.0,0.0,4.97,OK,
2026-09-26 07:31:17,9933.24,9933.24,tracked,recomputed,0.0,0.0,4.97,OK,
2026-09-26 08:01:26,9933.24,9933.24,tracked,recomputed,0.0,0.0,4.97,OK,
2026-09-26 08:31:16,9933.24,9933.24,tracked,recomputed,0.0,0.0,4.97,OK,
2026-09-26 09:01:26,9933.24,9933.24,tracked,recomputed,0.0,0.0,4.97,OK,
2026-09-26 09:31:17,9933.24,9933.24,tracked,recomputed,0.0,0.0,4.97,OK,
2026-09-26 10:01:20,9933.24,9933.24,tracked,recomputed,0.0,0.0,4.97,OK,
2026-09-26 10:31:15,9933.24,9933.24,tracked,recomputed,0.0,0.0,4.97,OK,
2026-09-26 11:01:25,9933.24,9933.24,tracked,recomputed,0.0,0.0,4.97,OK,
2026-09-26 11:31:15,9933.24,9933.24,tracked,recomputed,0.0,0.0,4.97,OK,
2026-09-26 12:01:26,9933.24,9933.24,tracked,recomputed,0.0,0.0,4.97,OK,
2026-09-26 12:31:18,9933.24,9933.24,tracked,recomputed,0.0,0.0,4.97,OK,
2026-09-26 13:01:30,9933.24,9933.24,tracked,recomputed,0.0,0.0,4.97,OK,
2026-09-26 14:01:22,9933.24,9933.24,tracked,recomputed,0.0,0.0,4.97,OK,
2026-09-26 14:31:16,9933.24,9933.24,tracked,recomputed,0.0,0.0,4.97,OK,
2026-09-26 15:01:30,9933.24,9933.24,tracked,recomputed,0.0,0.0,4.97,OK,
2026-09-26 15:31:16,9933.24,9933.24,tracked,recomputed,0.0,0.0,4.97,OK,
2026-09-26 16:01:27,9933.24,9933.24,tracked,recomputed,0.0,0.0,4.97,OK,
2026-09-26 16:31:18,9933.24,9933.24,tracked,recomputed,0.0,0.0,4.97,OK,
2026-09-26 17:01:25,9933.24,9933.24,tracked,recomputed,0.0,0.0,4.97,OK,
2026-09-26 17:31:24,9933.24,9933.24,tracked,recomputed,0.0,0.0,4.97,OK,
2026-09-26 18:01:24,9933.24,9933.24,tracked,recomputed,0.0,0.0,4.97,OK,
2026-09-26 18:31:19,9933.24,9933.24,tracked,recomputed,0.0,0.0,4.97,OK,
2026-09-26 19:01:28,9933.24,9933.24,tracked,recomputed,0.0,0.0,4.97,OK,
2026-09-26 19:31:21,9933.24,9933.24,tracked,recomputed,0.0,0.0,4.97,OK,
2026-09-26 20:01:26,9933.24,9933.24,tracked,recomputed,0.0,0.0,4.97,OK,
2026-09-26 20:31:18,9933.24,9933.24,tracked,recomputed,0.0,0.0,4.97,OK,
2026-09-26 21:01:24,9933.24,9933.24,tracked,recomputed,0.0,0.0,4.97,OK,
2026-09-26 21:31:14,9933.24,9933.24,tracked,recomputed,0.0,0.0,4.97,OK,
2026-09-26 22:01:31,9933.24,9933.24,tracked,recomputed,0.0,0.0,4.97,OK,
2026-09-26 22:31:13,9933.24,9933.24,tracked,recomputed,0.0,0.0,4.97,OK,
2026-09-26 23:01:24,9933.24,9933.24,tracked,recomputed,0.0,0.0,4.97,OK,
2026-09-26 23:31:09,9933.24,9933.24,tracked,recomputed,0.0,0.0,4.97,OK,
2026-09-27 00:01:28,9933.24,9933.24,tracked,recomputed,0.0,0.0,4.97,OK,
2026-09-27 00:31:20,9933.24,9933.24,tracked,recomputed,0.0,0.0,4.97,OK,
2026-09-27 01:01:22,9933.24,9933.24,tracked,recomputed,0.0,0.0,4.97,OK,
2026-09-27 01:31:13,9933.24,9933.24,tracked,recomputed,0.0,0.0,4.97,OK,
2026-09-27 02:01:27,9933.24,9933.24,tracked,recomputed,0.0,0.0,4.97,OK,
2026-09-27 02:31:16,9933.24,9933.24,tracked,recomputed,0.0,0.0,4.97,OK,
2026-09-27 03:01:58,9933.24,9933.24,tracked,recomputed,0.0,0.0,4.97,OK,
2026-09-27 03:31:13,9933.24,9933.24,tracked,recomputed,0.0,0.0,4.97,OK,
2026-09-27 04:01:23,9933.24,9933.24,tracked,recomputed,0.0,0.0,4.97,OK,
2026-09-27 04:31:04,9933.24,9933.24,tracked,recomputed,0.0,0.0,4.97,OK,
2026-09-27 05:01:30,9933.24,9933.24,tracked,recomputed,0.0,0.0,4.97,OK,
2026-09-27 05:31:13,9933.24,9933.24,tracked,recomputed,0.0,0.0,4.97,OK,
2026-09-27 06:01:24,9933.24,9933.24,tracked,recomputed,0.0,0.0,4.97,OK,
2026-09-27 06:31:17,9933.24,9933.24,tracked,recomputed,0.0,0.0,4.97,OK,
2026-09-27 07:01:33,9933.24,9933.24,tracked,recomputed,0.0,0.0,4.97,OK,
2026-09-27 07:31:14,9933.24,9933.24,tracked,recomputed,0.0,0.0,4.97,OK,
2026-09-27 08:01:26,9933.24,9933.24,tracked,recomputed,0.0,0.0,4.97,OK,
2026-09-27 08:31:18,9933.24,9933.24,tracked,recomputed,0.0,0.0,4.97,OK,
2026-09-27 09:01:25,9933.24,9933.24,tracked,recomputed,0.0,0.0,4.97,OK,
2026-09-27 09:31:10,9933.24,9933.24,tracked,recomputed,0.0,0.0,4.97,OK,
2026-09-27 10:01:25,9933.24,9933.24,tracked,recomputed,0.0,0.0,4.97,OK,
2026-09-27 10:31:15,9933.24,9933.24,tracked,recomputed,0.0,0.0,4.97,OK,
2026-09-27 11:01:25,9933.24,9933.24,tracked,recomputed,0.0,0.0,4.97,OK,
2026-09-27 11:31:20,9933.24,9933.24,tracked,recomputed,0.0,0.0,4.97,OK,
2026-09-27 12:01:18,9933.24,9933.24,tracked,recomputed,0.0,0.0,4.97,OK,
2026-09-27 12:31:15,9933.24,9933.24,tracked,recomputed,0.0,0.0,4.97,OK,
2026-09-27 13:01:15,9933.24,9933.24,tracked,recomputed,0.0,0.0,4.97,OK,
2026-09-27 13:31:21,9933.24,9933.24,tracked,recomputed,0.0,0.0,4.97,OK,
2026-09-27 14:01:31,9933.24,9933.24,tracked,recomputed,0.0,0.0,4.97,OK,
2026-09-27 14:31:19,9933.24,9933.24,tracked,recomputed,0.0,0.0,4.97,OK,
2026-09-27 15:01:32,9933.24,9933.24,tracked,recomputed,0.0,0.0,4.97,OK,
2026-09-27 15:31:21,9933.24,9933.24,tracked,recomputed,0.0,0.0,4.97,OK,
2026-09-27 16:01:31,9933.24,9933.24,tracked,recomputed,0.0,0.0,4.97,OK,
2026-09-27 16:31:17,9933.24,9933.24,tracked,recomputed,0.0,0.0,4.97,OK,
2026-09-27 17:01:19,9933.24,9933.24,tracked,recomputed,0.0,0.0,4.97,OK,
2026-09-27 17:31:20,9933.24,9933.24,tracked,recomputed,0.0,0.0,4.97,OK,
2026-09-27 18:01:20,9933.24,9933.24,tracked,recomputed,0.0,0.0,4.97,OK,
2026-09-27 18:31:23,9933.24,9933.24,tracked,recomputed,0.0,0.0,4.97,OK,
2026-09-27 19:01:26,9933.24,9933.24,tracked,recomputed,0.0,0.0,4.97,OK,
2026-09-27 19:31:13,9933.24,9933.24,tracked,recomputed,0.0,0.0,4.97,OK,
2026-09-27 20:01:19,9933.24,9933.24,tracked,recomputed,0.0,0.0,4.97,OK,
2026-09-27 20:31:19,9933.24,9933.24,tracked,recomputed,0.0,0.0,4.97,OK,
2026-09-27 21:01:25,9933.24,9933.24,tracked,recomputed,0.0,0.0,4.97,OK,
2026-09-27 21:31:15,9933.24,9933.24,tracked,recomputed,0.0,0.0,4.97,OK,
2026-09-27 22:01:22,9933.24,9933.24,tracked,recomputed,0.0,0.0,4.97,OK,
2026-09-27 22:31:10,9933.24,9933.24,tracked,recomputed,0.0,0.0,4.97,OK,
2026-09-27 23:01:28,9933.24,9933.24,tracked,recomputed,0.0,0.0,4.97,OK,
2026-09-27 23:31:14,9933.24,9933.24,tracked,recomputed,0.0,0.0,4.97,OK,
2026-09-28 00:01:31,9933.24,9933.24,tracked,recomputed,0.0,0.0,4.97,OK,
2026-09-28 00:31:19,9933.24,9933.24,tracked,recomputed,0.0,0.0,4.97,OK,
2026-09-28 01:01:22,9933.24,9933.24,tracked,recomputed,0.0,0.0,4.97,OK,
2026-09-28 01:31:12,9933.24,9933.24,tracked,recomputed,0.0,0.0,4.97,OK,
2026-09-28 02:01:25,9933.24,9933.24,tracked,recomputed,0.0,0.0,4.97,OK,
2026-09-28 02:31:17,9933.24,9933.24,tracked,recomputed,0.0,0.0,4.97,OK,
2026-09-28 03:01:31,9933.24,9933.24,tracked,recomputed,0.0,0.0,4.97,OK,
2026-09-28 03:31:19,9933.24,9933.24,tracked,recomputed,0.0,0.0,4.97,OK,
2026-09-28 04:01:21,9933.24,9933.24,tracked,recomputed,0.0,0.0,4.97,OK,
2026-09-28 04:31:16,9933.24,9933.24,tracked,recomputed,0.0,0.0,4.97,OK,
2026-09-28 05:01:30,9933.24,9933.24,tracked,recomputed,0.0,0.0,4.97,OK,
2026-09-28 05:31:22,9933.24,9933.24,tracked,recomputed,0.0,0.0,4.97,OK,
2026-09-28 06:01:35,9933.24,9933.24,tracked,recomputed,0.0,0.0,4.97,OK,
2026-09-28 06:31:18,9933.24,9933.24,tracked,recomputed,0.0,0.0,4.97,OK,
2026-09-28 07:01:31,9933.24,9933.24,tracked,recomputed,0.0,0.0,4.97,OK,
2026-09-28 07:31:24,9933.24,9933.24,tracked,recomputed,0.0,0.0,4.97,OK,
2026-09-28 08:01:32,9933.24,9933.24,tracked,recomputed,0.0,0.0,4.97,OK,
2026-09-28 08:31:19,9933.24,9933.24,tracked,recomputed,0.0,0.0,4.97,OK,
2026-09-28 09:01:26,9933.24,9933.24,tracked,recomputed,0.0,0.0,4.97,OK,
2026-09-28 09:31:30,9933.24,9933.24,tracked,recomputed,0.0,0.0,4.97,OK,
2026-09-28 10:01:34,9933.24,9933.24,tracked,recomputed,0.0,0.0,4.97,OK,
2026-09-28 10:31:17,9933.24,9933.24,tracked,recomputed,0.0,0.0,4.97,OK,
2026-09-28 11:01:33,9933.24,9933.24,tracked,recomputed,0.0,0.0,4.97,OK,
2026-09-28 11:31:14,9933.24,9933.24,tracked,recomputed,0.0,0.0,4.97,OK,
2026-09-28 12:01:29,9933.24,9933.24,tracked,recomputed,0.0,0.0,4.97,OK,
2026-09-28 12:31:21,9933.24,9933.24,tracked,recomputed,0.0,0.0,4.97,OK,
2026-09-28 13:01:32,9933.24,9933.24,tracked,recomputed,0.0,0.0,4.97,OK,
2026-09-28 13:31:18,9933.24,9933.24,tracked,recomputed,0.0,0.0,4.97,OK,
2026-09-28 14:01:35,9933.24,9933.24,tracked,recomputed,0.0,0.0,4.97,OK,
2026-09-28 14:31:24,9933.24,9933.24,tracked,recomputed,0.0,0.0,4.97,OK,
2026-09-28 15:01:47,9933.24,9933.24,tracked,recomputed,0.0,0.0,4.97,OK,
2026-09-28 16:01:33,9933.24,9933.24,tracked,recomputed,0.0,0.0,4.97,OK,
2026-09-28 16:31:18,9933.24,9933.24,tracked,recomputed,0.0,0.0,4.97,OK,
2026-09-28 17:01:35,9933.24,9933.24,tracked,recomputed,0.0,0.0,4.97,OK,
2026-09-28 17:31:26,9933.24,9933.24,tracked,recomputed,0.0,0.0,4.97,OK,
2026-09-28 18:01:30,9933.24,9933.24,tracked,recomputed,0.0,0.0,4.97,OK,
2026-09-28 18:31:17,9933.24,9933.24,tracked,recomputed,0.0,0.0,4.97,OK,
2026-09-28 19:01:27,9933.24,9933.24,tracked,recomputed,0.0,0.0,4.97,OK,
2026-09-28 19:31:22,9933.24,9933.24,tracked,recomputed,0.0,0.0,4.97,OK,
2026-09-28 20:01:28,9933.24,9933.24,tracked,recomputed,0.0,0.0,4.97,OK,
2026-09-28 20:31:17,9933.24,9933.24,tracked,recomputed,0.0,0.0,4.97,OK,
2026-09-28 21:01:30,9933.24,9933.24,tracked,recomputed,0.0,0.0,4.97,OK,
2026-09-28 21:31:17,9958.89,9958.89,tracked,recomputed,0.0,0.0,4.98,OK,
2026-09-28 22:01:35,9958.89,9958.89,tracked,recomputed,0.0,0.0,4.98,OK,
2026-09-28 22:31:19,9958.89,9958.89,tracked,recomputed,0.0,0.0,4.98,OK,
2026-09-28 23:01:17,9958.89,9958.89,tracked,recomputed,0.0,0.0,4.98,OK,
2026-09-28 23:31:14,9958.89,9958.89,tracked,recomputed,0.0,0.0,4.98,OK,
2026-09-29 00:01:26,9958.89,9958.89,tracked,recomputed,0.0,0.0,4.98,OK,
2026-09-29 00:31:17,9958.89,9958.89,tracked,recomputed,0.0,0.0,4.98,OK,
2026-09-29 01:01:24,9958.89,9958.89,tracked,recomputed,0.0,0.0,4.98,OK,
2026-09-29 01:31:19,9958.89,9958.89,tracked,recomputed,0.0,0.0,4.98,OK,
2026-09-29 02:01:32,9958.89,9958.89,tracked,recomputed,0.0,0.0,4.98,OK,
2026-09-29 02:31:14,9958.89,9958.89,tracked,recomputed,0.0,0.0,4.98,OK,
2026-09-29 03:01:30,9958.89,9958.89,tracked,recomputed,0.0,0.0,4.98,OK,
2026-09-29 03:31:13,9958.89,9958.89,tracked,recomputed,0.0,0.0,4.98,OK,
2026-09-29 04:01:26,9958.89,9958.89,tracked,recomputed,0.0,0.0,4.98,OK,
2026-09-29 04:31:16,9958.89,9958.89,tracked,recomputed,0.0,0.0,4.98,OK,
2026-09-29 05:01:29,9958.89,9958.89,tracked,recomputed,0.0,0.0,4.98,OK,
2026-09-29 05:31:19,9958.89,9958.89,tracked,recomputed,0.0,0.0,4.98,OK,
2026-09-29 06:01:33,9958.89,9958.89,tracked,recomputed,0.0,0.0,4.98,OK,
2026-09-29 06:31:17,9958.89,9958.89,tracked,recomputed,0.0,0.0,4.98,OK,
2026-09-29 07:01:32,9958.89,9958.89,tracked,recomputed,0.0,0.0,4.98,OK,
2026-09-29 07:31:17,9958.89,9958.89,tracked,recomputed,0.0,0.0,4.98,OK,
2026-09-29 08:01:32,9958.89,9958.89,tracked,recomputed,0.0,0.0,4.98,OK,
2026-09-29 08:31:20,9958.89,9958.89,tracked,recomputed,0.0,0.0,4.98,OK,
2026-09-29 09:01:35,9958.89,9958.89,tracked,recomputed,0.0,0.0,4.98,OK,
2026-09-29 09:31:56,9958.89,9958.89,tracked,recomputed,0.0,0.0,4.98,OK,
2026-09-29 10:01:29,9958.89,9958.89,tracked,recomputed,0.0,0.0,4.98,OK,
2026-09-29 10:31:22,9958.89,9958.89,tracked,recomputed,0.0,0.0,4.98,OK,
2026-09-29 11:01:22,9958.89,9958.89,tracked,recomputed,0.0,0.0,4.98,OK,
2026-09-29 11:31:18,9958.89,9958.89,tracked,recomputed,0.0,0.0,4.98,OK,
2026-09-29 12:01:33,9958.89,9958.89,tracked,recomputed,0.0,0.0,4.98,OK,
2026-09-29 12:31:55,9958.89,9958.89,tracked,recomputed,0.0,0.0,4.98,OK,
2026-09-29 13:01:37,9958.89,9958.89,tracked,recomputed,0.0,0.0,4.98,OK,
2026-09-29 13:31:23,9958.89,9958.89,tracked,recomputed,0.0,0.0,4.98,OK,
2026-09-29 14:31:17,9958.89,9958.89,tracked,recomputed,0.0,0.0,4.98,OK,
2026-09-29 15:02:07,9958.89,9958.89,tracked,recomputed,0.0,0.0,4.98,OK,
2026-09-29 15:31:20,9958.89,9958.89,tracked,recomputed,0.0,0.0,4.98,OK,
2026-09-29 16:01:42,9958.89,9958.89,tracked,recomputed,0.0,0.0,4.98,OK,
2026-09-29 16:31:22,9958.89,9958.89,tracked,recomputed,0.0,0.0,4.98,OK,
2026-09-29 17:02:08,9958.89,9958.89,tracked,recomputed,0.0,0.0,4.98,OK,
2026-09-29 17:31:16,9881.1,9881.1,tracked,recomputed,0.0,0.0,4.94,OK,
2026-09-29 18:01:29,9881.1,9881.1,tracked,recomputed,0.0,0.0,4.94,OK,
2026-09-29 18:31:16,9881.1,9881.1,tracked,recomputed,0.0,0.0,4.94,OK,
2026-09-29 19:01:29,9881.1,9881.1,tracked,recomputed,0.0,0.0,4.94,OK,
2026-09-29 19:31:23,9881.1,9881.1,tracked,recomputed,0.0,0.0,4.94,OK,
2026-09-29 20:01:32,9881.1,9881.1,tracked,recomputed,0.0,0.0,4.94,OK,
2026-09-29 20:31:22,9881.1,9881.1,tracked,recomputed,0.0,0.0,4.94,OK,
2026-09-29 21:01:32,9881.1,9881.1,tracked,recomputed,0.0,0.0,4.94,OK,
2026-09-29 21:31:18,9881.1,9881.1,tracked,recomputed,0.0,0.0,4.94,OK,
2026-09-29 22:01:27,9881.1,9881.1,tracked,recomputed,0.0,0.0,4.94,OK,
2026-09-29 22:31:16,9856.26,9856.26,tracked,recomputed,0.0,0.0,4.93,OK,
2026-09-29 23:01:29,9856.26,9856.26,tracked,recomputed,0.0,0.0,4.93,OK,
2026-09-29 23:31:14,9856.26,9856.26,tracked,recomputed,0.0,0.0,4.93,OK,
2026-09-30 00:01:33,9856.26,9856.26,tracked,recomputed,0.0,0.0,4.93,OK,
2026-09-30 00:31:25,9856.26,9856.26,tracked,recomputed,0.0,0.0,4.93,OK,
2026-09-30 01:01:27,9856.26,9856.26,tracked,recomputed,0.0,0.0,4.93,OK,
2026-09-30 01:31:28,9856.26,9856.26,tracked,recomputed,0.0,0.0,4.93,OK,
2026-09-30 02:01:30,9856.26,9856.26,tracked,recomputed,0.0,0.0,4.93,OK,
2026-09-30 02:31:11,9856.26,9856.26,tracked,recomputed,0.0,0.0,4.93,OK,
2026-09-30 03:01:33,9856.26,9856.26,tracked,recomputed,0.0,0.0,4.93,OK,
2026-09-30 03:31:15,9856.26,9856.26,tracked,recomputed,0.0,0.0,4.93,OK,
2026-09-30 04:01:28,9856.26,9856.26,tracked,recomputed,0.0,0.0,4.93,OK,
2026-09-30 04:31:17,9856.26,9856.26,tracked,recomputed,0.0,0.0,4.93,OK,
2026-09-30 05:01:24,9856.26,9856.26,tracked,recomputed,0.0,0.0,4.93,OK,
2026-09-30 05:31:15,9856.26,9856.26,tracked,recomputed,0.0,0.0,4.93,OK,
2026-09-30 06:01:29,9856.26,9856.26,tracked,recomputed,0.0,0.0,4.93,OK,
2026-09-30 06:31:18,9856.26,9856.26,tracked,recomputed,0.0,0.0,4.93,OK,
2026-09-30 07:01:28,9856.26,9856.26,tracked,recomputed,0.0,0.0,4.93,OK,
2026-09-30 07:31:22,9856.26,9856.26,tracked,recomputed,0.0,0.0,4.93,OK,
2026-09-30 08:01:26,9856.26,9856.26,tracked,recomputed,0.0,0.0,4.93,OK,
2026-09-30 08:31:14,9856.26,9856.26,tracked,recomputed,0.0,0.0,4.93,OK,
2026-09-30 09:01:37,9856.26,9856.26,tracked,recomputed,0.0,0.0,4.93,OK,
2026-09-30 09:31:17,9856.26,9856.26,tracked,recomputed,0.0,0.0,4.93,OK,
2026-09-30 10:01:30,9856.26,9856.26,tracked,recomputed,0.0,0.0,4.93,OK,
2026-09-30 10:31:19,9856.26,9856.26,tracked,recomputed,0.0,0.0,4.93,OK,
2026-09-30 11:01:26,9856.26,9856.26,tracked,recomputed,0.0,0.0,4.93,OK,
2026-09-30 11:31:17,9856.26,9856.26,tracked,recomputed,0.0,0.0,4.93,OK,
2026-09-30 12:01:34,9856.26,9856.26,tracked,recomputed,0.0,0.0,4.93,OK,
2026-09-30 12:31:13,9856.26,9856.26,tracked,recomputed,0.0,0.0,4.93,OK,
2026-09-30 13:01:24,9856.26,9856.26,tracked,recomputed,0.0,0.0,4.93,OK,
2026-09-30 13:31:21,9856.26,9856.26,tracked,recomputed,0.0,0.0,4.93,OK,
2026-09-30 14:01:38,9856.26,9856.26,tracked,recomputed,0.0,0.0,4.93,OK,
2026-09-30 14:31:23,9856.26,9856.26,tracked,recomputed,0.0,0.0,4.93,OK,
2026-09-30 15:01:31,9856.26,9856.26,tracked,recomputed,0.0,0.0,4.93,OK,
2026-09-30 15:31:27,9856.26,9856.26,tracked,recomputed,0.0,0.0,4.93,OK,
2026-09-30 16:01:35,9856.26,9856.26,tracked,recomputed,0.0,0.0,4.93,OK,
2026-09-30 16:31:25,9856.26,9856.26,tracked,recomputed,0.0,0.0,4.93,OK,
2026-09-30 17:01:33,9856.26,9856.26,tracked,recomputed,0.0,0.0,4.93,OK,
2026-09-30 17:31:28,9856.26,9856.26,tracked,recomputed,0.0,0.0,4.93,OK,
2026-09-30 18:01:30,9856.26,9856.26,tracked,recomputed,0.0,0.0,4.93,OK,
2026-09-30 18:31:16,9856.26,9856.26,tracked,recomputed,0.0,0.0,4.93,OK,
2026-09-30 19:01:29,9856.26,9856.26,tracked,recomputed,0.0,0.0,4.93,OK,
2026-09-30 19:31:15,9856.26,9856.26,tracked,recomputed,0.0,0.0,4.93,OK,
2026-09-30 20:01:25,9856.26,9856.26,tracked,recomputed,0.0,0.0,4.93,OK,
2026-09-30 20:31:27,9856.26,9856.26,tracked,recomputed,0.0,0.0,4.93,OK,
2026-09-30 21:01:25,9856.26,9856.26,tracked,recomputed,0.0,0.0,4.93,OK,
2026-09-30 21:31:13,9856.26,9856.26,tracked,recomputed,0.0,0.0,4.93,OK,
2026-09-30 22:01:33,9856.26,9856.26,tracked,recomputed,0.0,0.0,4.93,OK,
2026-09-30 22:31:14,9856.26,9856.26,tracked,recomputed,0.0,0.0,4.93,OK,
2026-09-30 23:01:26,9856.26,9856.26,tracked,recomputed,0.0,0.0,4.93,OK,
2026-09-30 23:31:17,9856.26,9856.26,tracked,recomputed,0.0,0.0,4.93,OK,
2026-10-01 00:01:29,9856.26,9856.26,tracked,recomputed,0.0,0.0,4.93,OK,
2026-10-01 00:31:08,9856.26,9856.26,tracked,recomputed,0.0,0.0,4.93,OK,
2026-10-01 01:01:41,9856.26,9856.26,tracked,recomputed,0.0,0.0,4.93,OK,
2026-10-01 01:31:15,9856.26,9856.26,tracked,recomputed,0.0,0.0,4.93,OK,
2026-10-01 02:01:25,9856.26,9856.26,tracked,recomputed,0.0,0.0,4.93,OK,
2026-10-01 02:31:11,9856.26,9856.26,tracked,recomputed,0.0,0.0,4.93,OK,
2026-10-01 03:01:35,9856.26,9856.26,tracked,recomputed,0.0,0.0,4.93,OK,
2026-10-01 03:31:12,9856.26,9856.26,tracked,recomputed,0.0,0.0,4.93,OK,
2026-10-01 04:01:28,9856.26,9856.26,tracked,recomputed,0.0,0.0,4.93,OK,
2026-10-01 04:31:26,9856.26,9856.26,tracked,recomputed,0.0,0.0,4.93,OK,
2026-10-01 05:01:31,9856.26,9856.26,tracked,recomputed,0.0,0.0,4.93,OK,
2026-10-01 05:31:17,9856.26,9856.26,tracked,recomputed,0.0,0.0,4.93,OK,
2026-10-01 06:01:36,9856.26,9856.26,tracked,recomputed,0.0,0.0,4.93,OK,
2026-10-01 06:31:09,9856.26,9856.26,tracked,recomputed,0.0,0.0,4.93,OK,
2026-10-01 07:01:29,9856.26,9856.26,tracked,recomputed,0.0,0.0,4.93,OK,
2026-10-01 07:41:30,9856.26,9856.26,tracked,recomputed,0.0,0.0,4.93,OK,
2026-10-01 08:01:35,9856.26,9856.26,tracked,recomputed,0.0,0.0,4.93,OK,
2026-10-01 08:31:19,9856.26,9856.26,tracked,recomputed,0.0,0.0,4.93,OK,
2026-10-01 09:01:31,9856.26,9856.26,tracked,recomputed,0.0,0.0,4.93,OK,
2026-10-01 09:31:10,9856.26,9856.26,tracked,recomputed,0.0,0.0,4.93,OK,
2026-10-01 10:01:26,9856.26,9856.26,tracked,recomputed,0.0,0.0,4.93,OK,
2026-10-01 10:31:15,9856.26,9856.26,tracked,recomputed,0.0,0.0,4.93,OK,
2026-10-01 11:01:39,9856.26,9856.26,tracked,recomputed,0.0,0.0,4.93,OK,
2026-10-01 11:31:13,9856.26,9856.26,tracked,recomputed,0.0,0.0,4.93,OK,
2026-10-01 12:02:12,9856.26,9856.26,tracked,recomputed,0.0,0.0,4.93,OK,
2026-10-01 12:31:24,9856.26,9856.26,tracked,recomputed,0.0,0.0,4.93,OK,
2026-10-01 13:01:32,9856.26,9856.26,tracked,recomputed,0.0,0.0,4.93,OK,
2026-10-01 13:31:21,9856.26,9856.26,tracked,recomputed,0.0,0.0,4.93,OK,
2026-10-01 14:01:38,9856.26,9856.26,tracked,recomputed,0.0,0.0,4.93,OK,
2026-10-01 15:01:38,9856.26,9856.26,tracked,recomputed,0.0,0.0,4.93,OK,
2026-10-01 15:31:18,9856.26,9856.26,tracked,recomputed,0.0,0.0,4.93,OK,
2026-10-01 16:01:33,9856.26,9856.26,tracked,recomputed,0.0,0.0,4.93,OK,
2026-10-01 16:31:18,9856.26,9856.26,tracked,recomputed,0.0,0.0,4.93,OK,
2026-10-01 17:01:29,9856.26,9856.26,tracked,recomputed,0.0,0.0,4.93,OK,
2026-10-01 17:31:19,9856.26,9856.26,tracked,recomputed,0.0,0.0,4.93,OK,
2026-10-01 18:01:29,9856.26,9856.26,tracked,recomputed,0.0,0.0,4.93,OK,
2026-10-01 18:31:17,9856.26,9856.26,tracked,recomputed,0.0,0.0,4.93,OK,
2026-10-01 19:01:27,9856.26,9856.26,tracked,recomputed,0.0,0.0,4.93,OK,
2026-10-01 19:31:19,9856.26,9856.26,tracked,recomputed,0.0,0.0,4.93,OK,
2026-10-01 20:01:26,9856.26,9856.26,tracked,recomputed,0.0,0.0,4.93,OK,
2026-10-01 20:31:17,9856.26,9856.26,tracked,recomputed,0.0,0.0,4.93,OK,
2026-10-01 21:02:02,9856.26,9856.26,tracked,recomputed,0.0,0.0,4.93,OK,
2026-10-01 21:31:18,9856.26,9856.26,tracked,recomputed,0.0,0.0,4.93,OK,
2026-10-01 22:01:32,9856.26,9856.26,tracked,recomputed,0.0,0.0,4.93,OK,
2026-10-01 22:31:13,9856.26,9856.26,tracked,recomputed,0.0,0.0,4.93,OK,
2026-10-01 23:01:23,9856.26,9856.26,tracked,recomputed,0.0,0.0,4.93,OK,
2026-10-01 23:31:16,9856.26,9856.26,tracked,recomputed,0.0,0.0,4.93,OK,
2026-10-02 00:01:30,9856.26,9856.26,tracked,recomputed,0.0,0.0,4.93,OK,
2026-10-02 00:31:16,9856.26,9856.26,tracked,recomputed,0.0,0.0,4.93,OK,
2026-10-02 01:01:24,9856.26,9856.26,tracked,recomputed,0.0,0.0,4.93,OK,
2026-10-02 01:31:20,9856.26,9856.26,tracked,recomputed,0.0,0.0,4.93,OK,
2026-10-02 02:01:25,9856.26,9856.26,tracked,recomputed,0.0,0.0,4.93,OK,
2026-10-02 02:31:12,9856.26,9856.26,tracked,recomputed,0.0,0.0,4.93,OK,
2026-10-02 03:01:29,9856.26,9856.26,tracked,recomputed,0.0,0.0,4.93,OK,
2026-10-02 03:31:16,9856.26,9856.26,tracked,recomputed,0.0,0.0,4.93,OK,
2026-10-02 04:01:32,9856.26,9856.26,tracked,recomputed,0.0,0.0,4.93,OK,
2026-10-02 04:31:16,9856.26,9856.26,tracked,recomputed,0.0,0.0,4.93,OK,
2026-10-02 05:01:21,9856.26,9856.26,tracked,recomputed,0.0,0.0,4.93,OK,
2026-10-02 05:31:12,9856.26,9856.26,tracked,recomputed,0.0,0.0,4.93,OK,
2026-10-02 06:01:31,9856.26,9856.26,tracked,recomputed,0.0,0.0,4.93,OK,
2026-10-02 06:31:20,9856.26,9856.26,tracked,recomputed,0.0,0.0,4.93,OK,
2026-10-02 07:01:29,9856.26,9856.26,tracked,recomputed,0.0,0.0,4.93,OK,
2026-10-02 07:31:07,9856.26,9856.26,tracked,recomputed,0.0,0.0,4.93,OK,
2026-10-02 08:01:22,9856.26,9856.26,tracked,recomputed,0.0,0.0,4.93,OK,
2026-10-02 08:31:20,9856.26,9856.26,tracked,recomputed,0.0,0.0,4.93,OK,
2026-10-02 09:01:27,9856.26,9856.26,tracked,recomputed,0.0,0.0,4.93,OK,
2026-10-02 09:31:06,9856.26,9856.26,tracked,recomputed,0.0,0.0,4.93,OK,
2026-10-02 10:01:20,9856.26,9856.26,tracked,recomputed,0.0,0.0,4.93,OK,
2026-10-02 10:31:13,9856.26,9856.26,tracked,recomputed,0.0,0.0,4.93,OK,
2026-10-02 11:01:36,9856.26,9856.26,tracked,recomputed,0.0,0.0,4.93,OK,
2026-10-02 11:31:14,9856.26,9856.26,tracked,recomputed,0.0,0.0,4.93,OK,
2026-10-02 12:01:22,9856.26,9856.26,tracked,recomputed,0.0,0.0,4.93,OK,
2026-10-02 12:31:12,9856.26,9856.26,tracked,recomputed,0.0,0.0,4.93,OK,
2026-10-02 13:01:28,9856.26,9856.26,tracked,recomputed,0.0,0.0,4.93,OK,
2026-10-02 13:31:16,9856.26,9856.26,tracked,recomputed,0.0,0.0,4.93,OK,
2026-10-02 14:01:19,9856.26,9856.26,tracked,recomputed,0.0,0.0,4.93,OK,
2026-10-02 14:31:15,9856.26,9856.26,tracked,recomputed,0.0,0.0,4.93,OK,
2026-10-02 15:01:38,9856.26,9856.26,tracked,recomputed,0.0,0.0,4.93,OK,
2026-10-02 15:31:22,9856.26,9856.26,tracked,recomputed,0.0,0.0,4.93,OK,
2026-10-02 16:01:32,9856.26,9856.26,tracked,recomputed,0.0,0.0,4.93,OK,
2026-10-02 16:31:21,9856.26,9856.26,tracked,recomputed,0.0,0.0,4.93,OK,
2026-10-02 17:01:30,9856.26,9856.26,tracked,recomputed,0.0,0.0,4.93,OK,
2026-10-02 17:31:20,9856.26,9856.26,tracked,recomputed,0.0,0.0,4.93,OK,
2026-10-02 18:01:35,9856.26,9856.26,tracked,recomputed,0.0,0.0,4.93,OK,
2026-10-02 18:31:16,9856.26,9856.26,tracked,recomputed,0.0,0.0,4.93,OK,
2026-10-02 19:02:04,9856.26,9856.26,tracked,recomputed,0.0,0.0,4.93,OK,
2026-10-02 19:31:24,9856.26,9856.26,tracked,recomputed,0.0,0.0,4.93,OK,
2026-10-02 20:01:24,9856.26,9856.26,tracked,recomputed,0.0,0.0,4.93,OK,
2026-10-02 20:31:13,9856.26,9856.26,tracked,recomputed,0.0,0.0,4.93,OK,
2026-10-02 21:01:32,9856.26,9856.26,tracked,recomputed,0.0,0.0,4.93,OK,
2026-10-02 21:31:20,9856.26,9856.26,tracked,recomputed,0.0,0.0,4.93,OK,
2026-10-02 22:01:30,9856.26,9856.26,tracked,recomputed,0.0,0.0,4.93,OK,
2026-10-02 22:31:08,9856.26,9856.26,tracked,recomputed,0.0,0.0,4.93,OK,
2026-10-02 23:01:29,9856.26,9856.26,tracked,recomputed,0.0,0.0,4.93,OK,
2026-10-02 23:31:07,9856.26,9856.26,tracked,recomputed,0.0,0.0,4.93,OK,
2026-10-03 00:01:25,9856.26,9856.26,tracked,recomputed,0.0,0.0,4.93,OK,
2026-10-03 00:31:14,9856.26,9856.26,tracked,recomputed,0.0,0.0,4.93,OK,
2026-10-03 01:01:23,9856.26,9856.26,tracked,recomputed,0.0,0.0,4.93,OK,
2026-10-03 01:31:17,9856.26,9856.26,tracked,recomputed,0.0,0.0,4.93,OK,
2026-10-03 02:01:13,9856.26,9856.26,tracked,recomputed,0.0,0.0,4.93,OK,
2026-10-03 02:31:19,9856.26,9856.26,tracked,recomputed,0.0,0.0,4.93,OK,
2026-10-03 03:01:25,9856.26,9856.26,tracked,recomputed,0.0,0.0,4.93,OK,
2026-10-03 03:31:15,9856.26,9856.26,tracked,recomputed,0.0,0.0,4.93,OK,
2026-10-03 04:01:36,9856.26,9856.26,tracked,recomputed,0.0,0.0,4.93,OK,
2026-10-03 04:31:18,9856.26,9856.26,tracked,recomputed,0.0,0.0,4.93,OK,
2026-10-03 05:01:28,9856.26,9856.26,tracked,recomputed,0.0,0.0,4.93,OK,
2026-10-03 05:31:20,9856.26,9856.26,tracked,recomputed,0.0,0.0,4.93,OK,
2026-10-03 06:01:32,9856.26,9856.26,tracked,recomputed,0.0,0.0,4.93,OK,
2026-10-03 06:31:11,9856.26,9856.26,tracked,recomputed,0.0,0.0,4.93,OK,
2026-10-03 07:01:31,9856.26,9856.26,tracked,recomputed,0.0,0.0,4.93,OK,
2026-10-03 07:31:13,9856.26,9856.26,tracked,recomputed,0.0,0.0,4.93,OK,
2026-10-03 08:01:36,9856.26,9856.26,tracked,recomputed,0.0,0.0,4.93,OK,
2026-10-03 08:31:18,9856.26,9856.26,tracked,recomputed,0.0,0.0,4.93,OK,
2026-10-03 09:01:29,9856.26,9856.26,tracked,recomputed,0.0,0.0,4.93,OK,
2026-10-03 09:31:08,9856.26,9856.26,tracked,recomputed,0.0,0.0,4.93,OK,
2026-10-03 10:01:24,9856.26,9856.26,tracked,recomputed,0.0,0.0,4.93,OK,
2026-10-03 10:31:13,9856.26,9856.26,tracked,recomputed,0.0,0.0,4.93,OK,
2026-10-03 11:01:41,9856.26,9856.26,tracked,recomputed,0.0,0.0,4.93,OK,
2026-10-03 11:31:22,9856.26,9856.26,tracked,recomputed,0.0,0.0,4.93,OK,
2026-10-03 12:01:26,9856.26,9856.26,tracked,recomputed,0.0,0.0,4.93,OK,
2026-10-03 12:31:15,9856.26,9856.26,tracked,recomputed,0.0,0.0,4.93,OK,
2026-10-03 13:01:19,9856.26,9856.26,tracked,recomputed,0.0,0.0,4.93,OK,
2026-10-03 13:31:20,9856.26,9856.26,tracked,recomputed,0.0,0.0,4.93,OK,
2026-10-03 14:01:35,9856.26,9856.26,tracked,recomputed,0.0,0.0,4.93,OK,
2026-10-03 14:31:07,9856.26,9856.26,tracked,recomputed,0.0,0.0,4.93,OK,
2026-10-03 15:01:26,9856.26,9856.26,tracked,recomputed,0.0,0.0,4.93,OK,
2026-10-03 15:31:11,9856.26,9856.26,tracked,recomputed,0.0,0.0,4.93,OK,
2026-10-03 16:01:28,9856.26,9856.26,tracked,recomputed,0.0,0.0,4.93,OK,
2026-10-03 16:31:15,9856.26,9856.26,tracked,recomputed,0.0,0.0,4.93,OK,
2026-10-03 17:01:26,9856.26,9856.26,tracked,recomputed,0.0,0.0,4.93,OK,
2026-10-03 17:31:15,9856.26,9856.26,tracked,recomputed,0.0,0.0,4.93,OK,
2026-10-03 18:01:27,9856.26,9856.26,tracked,recomputed,0.0,0.0,4.93,OK,
2026-10-03 18:31:17,9856.26,9856.26,tracked,recomputed,0.0,0.0,4.93,OK,
2026-10-03 19:01:22,9856.26,9856.26,tracked,recomputed,0.0,0.0,4.93,OK,
2026-10-03 19:31:06,9856.26,9856.26,tracked,recomputed,0.0,0.0,4.93,OK,
2026-10-03 20:01:14,9856.26,9856.26,tracked,recomputed,0.0,0.0,4.93,OK,
2026-10-03 20:31:13,9856.26,9856.26,tracked,recomputed,0.0,0.0,4.93,OK,
2026-10-03 21:01:23,9856.26,9856.26,tracked,recomputed,0.0,0.0,4.93,OK,
2026-10-03 21:31:13,9856.26,9856.26,tracked,recomputed,0.0,0.0,4.93,OK,
2026-10-03 22:01:27,9856.26,9856.26,tracked,recomputed,0.0,0.0,4.93,OK,
2026-10-03 22:31:11,9856.26,9856.26,tracked,recomputed,0.0,0.0,4.93,OK,
2026-10-03 23:01:28,9856.26,9856.26,tracked,recomputed,0.0,0.0,4.93,OK,
2026-10-03 23:31:12,9856.26,9856.26,tracked,recomputed,0.0,0.0,4.93,OK,
2026-10-04 00:01:23,9856.26,9856.26,tracked,recomputed,0.0,0.0,4.93,OK,
2026-10-04 00:31:18,9856.26,9856.26,tracked,recomputed,0.0,0.0,4.93,OK,
2026-10-04 01:01:24,9856.26,9856.26,tracked,recomputed,0.0,0.0,4.93,OK,
2026-10-04 01:31:28,9856.26,9856.26,tracked,recomputed,0.0,0.0,4.93,OK,
2026-10-04 02:01:28,9856.26,9856.26,tracked,recomputed,0.0,0.0,4.93,OK,
2026-10-04 02:31:11,9856.26,9856.26,tracked,recomputed,0.0,0.0,4.93,OK,
2026-10-04 03:01:26,9856.26,9856.26,tracked,recomputed,0.0,0.0,4.93,OK,
2026-10-04 03:31:15,9856.26,9856.26,tracked,recomputed,0.0,0.0,4.93,OK,
2026-10-04 04:01:25,9856.26,9856.26,tracked,recomputed,0.0,0.0,4.93,OK,
2026-10-04 04:31:07,9856.26,9856.26,tracked,recomputed,0.0,0.0,4.93,OK,
2026-10-04 05:01:29,9856.26,9856.26,tracked,recomputed,0.0,0.0,4.93,OK,
2026-10-04 05:31:19,9856.26,9856.26,tracked,recomputed,0.0,0.0,4.93,OK,
2026-10-04 06:02:02,9856.26,9856.26,tracked,recomputed,0.0,0.0,4.93,OK,
2026-10-04 06:31:16,9856.26,9856.26,tracked,recomputed,0.0,0.0,4.93,OK,
2026-10-04 07:01:12,9856.26,9856.26,tracked,recomputed,0.0,0.0,4.93,OK,
2026-10-04 07:31:16,9856.26,9856.26,tracked,recomputed,0.0,0.0,4.93,OK,
2026-10-04 08:01:24,9856.26,9856.26,tracked,recomputed,0.0,0.0,4.93,OK,
2026-10-04 08:31:11,9856.26,9856.26,tracked,recomputed,0.0,0.0,4.93,OK,
2026-10-04 09:01:29,9856.26,9856.26,tracked,recomputed,0.0,0.0,4.93,OK,
2026-10-04 09:31:10,9856.26,9856.26,tracked,recomputed,0.0,0.0,4.93,OK,
2026-10-04 10:01:12,9856.26,9856.26,tracked,recomputed,0.0,0.0,4.93,OK,
2026-10-04 10:31:19,9856.26,9856.26,tracked,recomputed,0.0,0.0,4.93,OK,
2026-10-04 11:01:30,9856.26,9856.26,tracked,recomputed,0.0,0.0,4.93,OK,
2026-10-04 11:31:17,9856.26,9856.26,tracked,recomputed,0.0,0.0,4.93,OK,
2026-10-04 12:01:26,9856.26,9856.26,tracked,recomputed,0.0,0.0,4.93,OK,
2026-10-04 12:31:16,9856.26,9856.26,tracked,recomputed,0.0,0.0,4.93,OK,
2026-10-04 13:01:25,9856.26,9856.26,tracked,recomputed,0.0,0.0,4.93,OK,
2026-10-04 13:31:14,9856.26,9856.26,tracked,recomputed,0.0,0.0,4.93,OK,
2026-10-04 14:01:17,9856.26,9856.26,tracked,recomputed,0.0,0.0,4.93,OK,
2026-10-04 15:01:28,9856.26,9856.26,tracked,recomputed,0.0,0.0,4.93,OK,
2026-10-04 15:31:15,9856.26,9856.26,tracked,recomputed,0.0,0.0,4.93,OK,
2026-10-04 16:01:25,9856.26,9856.26,tracked,recomputed,0.0,0.0,4.93,OK,
2026-10-04 16:31:26,9856.26,9856.26,tracked,recomputed,0.0,0.0,4.93,OK,
2026-10-04 17:01:19,9856.26,9856.26,tracked,recomputed,0.0,0.0,4.93,OK,
2026-10-04 17:31:16,9856.26,9856.26,tracked,recomputed,0.0,0.0,4.93,OK,
2026-10-04 18:01:18,9856.26,9856.26,tracked,recomputed,0.0,0.0,4.93,OK,
2026-10-04 18:31:17,9856.26,9856.26,tracked,recomputed,0.0,0.0,4.93,OK,
2026-10-04 19:01:31,9856.26,9856.26,tracked,recomputed,0.0,0.0,4.93,OK,
2026-10-04 19:31:17,9856.26,9856.26,tracked,recomputed,0.0,0.0,4.93,OK,
2026-10-04 20:01:28,9856.26,9856.26,tracked,recomputed,0.0,0.0,4.93,OK,
2026-10-04 20:31:10,9856.26,9856.26,tracked,recomputed,0.0,0.0,4.93,OK,
2026-10-04 21:01:28,9856.26,9856.26,tracked,recomputed,0.0,0.0,4.93,OK,
2026-10-04 21:31:13,9856.26,9856.26,tracked,recomputed,0.0,0.0,4.93,OK,
2026-10-04 22:01:27,9856.26,9856.26,tracked,recomputed,0.0,0.0,4.93,OK,
2026-10-04 22:31:15,9856.26,9856.26,tracked,recomputed,0.0,0.0,4.93,OK,
2026-10-04 23:01:26,9856.26,9856.26,tracked,recomputed,0.0,0.0,4.93,OK,
2026-10-04 23:31:13,9856.26,9856.26,tracked,recomputed,0.0,0.0,4.93,OK,
2026-10-05 00:01:22,9856.26,9856.26,tracked,recomputed,0.0,0.0,4.93,OK,
2026-10-05 00:31:24,9856.26,9856.26,tracked,recomputed,0.0,0.0,4.93,OK,
2026-10-05 01:01:33,9856.26,9856.26,tracked,recomputed,0.0,0.0,4.93,OK,
2026-10-05 01:31:16,9856.26,9856.26,tracked,recomputed,0.0,0.0,4.93,OK,
2026-10-05 02:01:13,9856.26,9856.26,tracked,recomputed,0.0,0.0,4.93,OK,
2026-10-05 02:31:17,9856.26,9856.26,tracked,recomputed,0.0,0.0,4.93,OK,
2026-10-05 03:01:16,9856.26,9856.26,tracked,recomputed,0.0,0.0,4.93,OK,
2026-10-05 03:31:18,9856.26,9856.26,tracked,recomputed,0.0,0.0,4.93,OK,
2026-10-05 04:01:26,9856.26,9856.26,tracked,recomputed,0.0,0.0,4.93,OK,
2026-10-05 04:31:23,9856.26,9856.26,tracked,recomputed,0.0,0.0,4.93,OK,
2026-10-05 05:01:21,9856.26,9856.26,tracked,recomputed,0.0,0.0,4.93,OK,
2026-10-05 05:31:18,9856.26,9856.26,tracked,recomputed,0.0,0.0,4.93,OK,
2026-10-05 06:01:25,9856.26,9856.26,tracked,recomputed,0.0,0.0,4.93,OK,
2026-10-05 06:31:19,9856.26,9856.26,tracked,recomputed,0.0,0.0,4.93,OK,
2026-10-05 07:01:35,9856.26,9856.26,tracked,recomputed,0.0,0.0,4.93,OK,
2026-10-05 07:31:23,9856.26,9856.26,tracked,recomputed,0.0,0.0,4.93,OK,
2026-10-05 08:01:31,9856.26,9856.26,tracked,recomputed,0.0,0.0,4.93,OK,
2026-10-05 08:31:22,9856.26,9856.26,tracked,recomputed,0.0,0.0,4.93,OK,
2026-10-05 09:01:28,9856.26,9856.26,tracked,recomputed,0.0,0.0,4.93,OK,
2026-10-05 09:31:52,9856.26,9856.26,tracked,recomputed,0.0,0.0,4.93,OK,
2026-10-05 10:01:31,9856.26,9856.26,tracked,recomputed,0.0,0.0,4.93,OK,
2026-10-05 10:31:17,9856.26,9856.26,tracked,recomputed,0.0,0.0,4.93,OK,
2026-10-05 11:01:26,9856.26,9856.26,tracked,recomputed,0.0,0.0,4.93,OK,
2026-10-05 11:31:21,9856.26,9856.26,tracked,recomputed,0.0,0.0,4.93,OK,
2026-10-05 12:01:32,9856.26,9856.26,tracked,recomputed,0.0,0.0,4.93,OK,
2026-10-05 12:31:09,9856.26,9856.26,tracked,recomputed,0.0,0.0,4.93,OK,
2026-10-05 13:01:25,9856.26,9856.26,tracked,recomputed,0.0,0.0,4.93,OK,
2026-10-05 13:31:17,9856.26,9856.26,tracked,recomputed,0.0,0.0,4.93,OK,
2026-10-05 14:01:34,9856.26,9856.26,tracked,recomputed,0.0,0.0,4.93,OK,
2026-10-05 14:31:16,9856.26,9856.26,tracked,recomputed,0.0,0.0,4.93,OK,
2026-10-05 15:01:27,9856.26,9856.26,tracked,recomputed,0.0,0.0,4.93,OK,
2026-10-05 15:31:18,9856.26,9856.26,tracked,recomputed,0.0,0.0,4.93,OK,
2026-10-05 16:31:16,9856.26,9856.26,tracked,recomputed,0.0,0.0,4.93,OK,
2026-10-05 17:01:25,9856.26,9856.26,tracked,recomputed,0.0,0.0,4.93,OK,
2026-10-05 17:31:15,9856.26,9856.26,tracked,recomputed,0.0,0.0,4.93,OK,
2026-10-05 18:01:30,9856.26,9856.26,tracked,recomputed,0.0,0.0,4.93,OK,
2026-10-05 18:31:13,9856.26,9856.26,tracked,recomputed,0.0,0.0,4.93,OK,
2026-10-05 19:01:27,9856.26,9856.26,tracked,recomputed,0.0,0.0,4.93,OK,
2026-10-05 19:41:22,9856.26,9856.26,tracked,recomputed,0.0,0.0,4.93,OK,
2026-10-05 21:31:24,9856.26,9856.26,tracked,recomputed,0.0,0.0,4.93,OK,
2026-10-05 22:01:27,9856.26,9856.26,tracked,recomputed,0.0,0.0,4.93,OK,
2026-10-05 22:31:29,9856.26,9856.26,tracked,recomputed,0.0,0.0,4.93,OK,
2026-10-05 23:01:27,9856.26,9856.26,tracked,recomputed,0.0,0.0,4.93,OK,
2026-10-05 23:31:13,9856.26,9856.26,tracked,recomputed,0.0,0.0,4.93,OK,
2026-10-06 00:01:23,9856.26,9856.26,tracked,recomputed,0.0,0.0,4.93,OK,
2026-10-06 00:31:20,9856.26,9856.26,tracked,recomputed,0.0,0.0,4.93,OK,
2026-10-06 01:01:25,9856.26,9856.26,tracked,recomputed,0.0,0.0,4.93,OK,
