id,pair,direction,closed_at,outcome_if_extended,days_to_resolve
2608,USD/JPY,SELL,2026-06-15 08:14:28,STOP,3.0
2613,USD/CHF,SELL,2026-06-15 08:14:39,STOP,4.0
2614,GBP/CHF,SELL,2026-06-15 05:08:33,STOP,12.0
2615,CHF/GBP,BUY,2026-06-15 08:15:00,STOP,15.0
2616,CHF/USD,BUY,2026-06-15 08:15:11,TARGET,2.0
2617,GBP/JPY,SELL,2026-06-15 08:15:21,TARGET,3.0
2618,EUR/GBP,BUY,2026-06-15 08:15:32,UNRESOLVED,
2619,EUR/CHF,SELL,2026-06-15 05:08:33,UNRESOLVED,
2621,USD/JPY,SELL,2026-06-15 08:16:03,STOP,3.0
2624,JPY/USD,BUY,2026-06-15 08:16:35,UNRESOLVED,
2626,GBP/JPY,SELL,2026-06-15 05:08:33,TARGET,3.0
2628,AUD/USD,BUY,2026-06-15 08:17:06,STOP,6.0
2629,USD/CHF,SELL,2026-06-15 08:17:16,STOP,4.0
2630,AUD/JPY,BUY,2026-06-15 08:17:27,STOP,6.0
24,USD/JPY,SELL,2026-06-15 08:17:37,STOP,3.0
29,AUD/USD,BUY,2026-06-15 08:18:09,STOP,6.0
31,USD/CHF,SELL,2026-06-15 08:18:30,STOP,4.0
32,AUD/NZD,BUY,2026-06-15 05:08:33,TARGET,3.0
33,USD/JPY,SELL,2026-06-15 05:08:33,STOP,3.0
35,NZD/CHF,BUY,2026-06-15 08:19:12,STOP,9.0
36,EUR/JPY,BUY,2026-06-15 08:19:23,STOP,3.0
37,GBP/AUD,SELL,2026-06-15 08:19:33,TARGET,3.0
40,AUD/CAD,SELL,2026-06-15 08:20:04,STOP,1.0
41,CAD/JPY,BUY,2026-06-15 08:20:15,STOP,4.0
42,CHF/CAD,BUY,2026-06-15 08:20:26,TARGET,1.0
43,CAD/AUD,BUY,2026-06-15 08:20:36,STOP,1.0
44,USD/CAD,SELL,2026-06-15 05:08:33,STOP,2.0
45,CAD/USD,BUY,2026-06-18 05:13:11,STOP,1.0
46,AUD/USD,BUY,2026-06-15 08:21:07,STOP,6.0
47,AUD/JPY,BUY,2026-06-15 08:21:18,STOP,6.0
48,USD/CHF,SELL,2026-06-15 08:21:28,STOP,3.0
49,CAD/AUD,BUY,2026-06-15 05:08:33,STOP,1.0
50,EUR/AUD,BUY,2026-06-15 05:08:33,STOP,4.0
51,AUD/JPY,BUY,2026-06-19 16:58:45,STOP,2.0
54,EUR/AUD,BUY,2026-06-19 16:58:45,STOP,1.0
57,AUD/JPY,BUY,2026-06-19 16:58:45,STOP,2.0
58,CAD/AUD,BUY,2026-06-19 16:58:45,STOP,1.0
61,CAD/USD,BUY,2026-06-19 16:58:45,STOP,1.0
68,EUR/AUD,BUY,2026-06-22 11:12:52,TARGET,4.0
79,AUD/CAD,SELL,2026-06-22 11:12:52,TARGET,4.0
81,USD/HKD,SELL,2026-06-22 11:12:52,STOP,4.0
92,EUR/CAD,SELL,2026-06-22 11:12:52,TARGET,15.0
113,USD/HKD,SELL,2026-06-22 11:12:52,STOP,4.0
122,CAD/NZD,SELL,2026-06-22 11:12:52,STOP,1.0
192,CHF/HKD,BUY,2026-07-02 05:13:15,TARGET,1.0
200,GBP/CAD,BUY,2026-06-29 05:14:59,TARGET,2.0
293,GBP/USD,BUY,2026-06-30 05:14:08,TARGET,2.0
296,AUD/USD,BUY,2026-07-05 18:11:33,TARGET,7.0
337,GBP/CHF,BUY,2026-07-01 05:13:42,TARGET,1.0
363,AUD/USD,BUY,2026-07-02 05:13:15,UNRESOLVED,
384,NOK/JPY,BUY,2026-07-02 05:13:15,TARGET,8.0
400,EUR/SEK,SELL,2026-07-05 18:11:33,UNRESOLVED,
408,CHF/SEK,SELL,2026-07-02 05:13:15,TARGET,6.0
418,USD/CAD,SELL,2026-07-02 05:13:15,UNRESOLVED,
425,AUD/USD,BUY,2026-07-05 18:11:33,UNRESOLVED,
436,AUD/CAD,BUY,2026-07-02 05:13:16,TARGET,2.0
439,EUR/USD,BUY,2026-07-07 05:11:25,UNRESOLVED,
441,USD/SEK,SELL,2026-07-02 05:13:16,UNRESOLVED,
454,EUR/CHF,BUY,2026-07-06 05:11:13,TARGET,2.0
457,NZD/CHF,BUY,2026-07-06 05:11:13,TARGET,4.0
466,AUD/NZD,SELL,2026-07-06 05:11:14,TARGET,2.0
487,USD/CAD,SELL,2026-07-08 05:11:09,TARGET,2.0
488,GBP/NZD,SELL,2026-07-05 18:11:33,TARGET,5.0
515,AUD/CHF,BUY,2026-07-05 18:11:35,TARGET,6.0
540,AUD/CHF,BUY,2026-07-06 05:11:14,TARGET,5.0
555,EUR/JPY,SELL,2026-07-06 05:11:14,STOP,12.0
562,USD/CHF,SELL,2026-07-09 05:11:34,STOP,3.0
563,CHF/JPY,SELL,2026-07-09 05:11:34,TARGET,3.0
564,AUD/CHF,BUY,2026-07-06 05:11:14,TARGET,1.0
566,USD/CAD,SELL,2026-07-06 05:11:14,TARGET,4.0
567,GBP/NZD,SELL,2026-07-09 05:11:34,TARGET,7.0
568,EUR/AUD,SELL,2026-07-06 05:11:14,TARGET,6.0
569,EUR/USD,BUY,2026-07-06 05:11:14,UNRESOLVED,
571,EUR/CAD,SELL,2026-07-06 05:11:14,TARGET,2.0
590,USD/CHF,SELL,2026-07-09 05:11:36,STOP,2.0
592,CHF/JPY,SELL,2026-07-09 05:11:36,TARGET,3.0
595,USD/CAD,SELL,2026-07-06 05:11:14,TARGET,4.0
596,GBP/NZD,SELL,2026-07-09 05:11:36,TARGET,1.0
597,EUR/AUD,SELL,2026-07-06 05:11:14,TARGET,8.0
598,EUR/USD,BUY,2026-07-06 05:11:14,UNRESOLVED,
599,GBP/AUD,SELL,2026-07-06 05:11:14,UNRESOLVED,
600,EUR/CAD,SELL,2026-07-06 05:11:14,TARGET,2.0
601,AUD/NZD,BUY,2026-07-06 05:11:14,STOP,3.0
603,AUD/USD,BUY,2026-07-10 05:10:55,UNRESOLVED,
625,GBP/AUD,SELL,2026-07-10 05:10:55,TARGET,10.0
626,EUR/CAD,SELL,2026-07-07 05:11:26,TARGET,4.0
640,CHF/JPY,SELL,2026-07-10 05:10:55,TARGET,1.0
642,AUD/CAD,SELL,2026-07-10 05:10:56,TARGET,5.0
643,USD/CAD,SELL,2026-07-07 05:11:26,TARGET,3.0
645,EUR/AUD,SELL,2026-07-07 05:11:26,TARGET,3.0
646,EUR/USD,BUY,2026-07-07 05:11:26,STOP,15.0
648,EUR/CAD,SELL,2026-07-07 05:11:26,TARGET,1.0
654,EUR/NZD,SELL,2026-07-07 05:11:26,TARGET,1.0
657,EUR/NZD,SELL,2026-07-07 05:11:26,TARGET,1.0
662,EUR/JPY,SELL,2026-07-07 05:11:26,UNRESOLVED,
664,USD/JPY,SELL,2026-07-10 05:10:56,STOP,9.0
669,USD/CHF,SELL,2026-07-10 05:10:56,STOP,1.0
670,CHF/JPY,SELL,2026-07-10 05:10:56,TARGET,1.0
673,USD/CAD,SELL,2026-07-07 05:11:26,TARGET,4.0
675,EUR/AUD,SELL,2026-07-07 05:11:26,TARGET,5.0
676,EUR/USD,BUY,2026-07-07 05:11:27,STOP,15.0
678,EUR/CAD,SELL,2026-07-07 05:11:27,TARGET,4.0
689,USD/JPY,SELL,2026-07-12 18:10:45,STOP,9.0
698,USD/CAD,SELL,2026-07-08 05:11:10,TARGET,2.0
701,EUR/USD,BUY,2026-07-08 05:11:10,TARGET,6.0
703,EUR/CAD,SELL,2026-07-08 05:11:10,TARGET,3.0
710,EUR/JPY,SELL,2026-07-08 05:11:10,STOP,6.0
712,USD/JPY,SELL,2026-07-12 18:10:45,STOP,7.0
721,USD/CAD,SELL,2026-07-08 05:11:11,TARGET,4.0
722,GBP/NZD,SELL,2026-07-08 05:11:11,TARGET,2.0
725,GBP/AUD,SELL,2026-07-08 05:11:11,TARGET,9.0
740,EUR/JPY,SELL,2026-07-08 05:11:11,STOP,6.0
741,USD/JPY,SELL,2026-07-12 18:10:45,STOP,8.0
750,USD/CAD,SELL,2026-07-08 05:11:11,TARGET,6.0
751,GBP/NZD,SELL,2026-07-08 05:11:11,TARGET,2.0
754,GBP/AUD,SELL,2026-07-08 05:11:11,TARGET,9.0
762,EUR/JPY,SELL,2026-07-09 05:11:37,STOP,5.0
775,EUR/AUD,SELL,2026-07-09 05:11:37,TARGET,1.0
777,GBP/AUD,SELL,2026-07-09 05:11:37,TARGET,8.0
781,GBP/USD,SELL,2026-07-09 05:11:37,STOP,1.0
804,USD/CAD,SELL,2026-07-09 05:11:37,TARGET,3.0
805,GBP/NZD,SELL,2026-07-09 05:11:37,TARGET,1.0
807,EUR/USD,BUY,2026-07-09 05:11:37,STOP,13.0
808,GBP/AUD,SELL,2026-07-09 05:11:37,TARGET,4.0
809,EUR/CAD,SELL,2026-07-09 05:11:37,TARGET,2.0
812,GBP/USD,SELL,2026-07-09 05:11:38,STOP,1.0
813,AUD/USD,BUY,2026-07-12 18:10:46,TARGET,2.0
815,AUD/USD,BUY,2026-07-12 18:10:46,TARGET,2.0
816,GBP/USD,SELL,2026-07-09 05:11:38,STOP,1.0
823,GBP/CAD,SELL,2026-07-09 05:11:38,UNRESOLVED,
830,CHF/JPY,SELL,2026-07-09 05:11:38,TARGET,3.0
833,USD/CAD,SELL,2026-07-09 05:11:38,TARGET,3.0
834,GBP/NZD,SELL,2026-07-09 05:11:38,TARGET,1.0
836,EUR/USD,BUY,2026-07-09 05:11:38,STOP,10.0
837,GBP/AUD,SELL,2026-07-09 05:11:38,TARGET,11.0
838,EUR/CAD,SELL,2026-07-09 05:11:38,TARGET,2.0
840,AUD/USD,BUY,2026-07-13 05:10:55,TARGET,2.0
842,GBP/USD,SELL,2026-07-10 05:10:56,STOP,3.0
858,AUD/CAD,SELL,2026-07-13 05:10:56,TARGET,4.0
861,EUR/AUD,SELL,2026-07-10 05:10:56,TARGET,2.0
862,EUR/USD,BUY,2026-07-10 05:10:56,STOP,2.0
863,GBP/AUD,SELL,2026-07-10 05:10:56,UNRESOLVED,
864,EUR/CAD,SELL,2026-07-10 05:10:56,TARGET,1.0
867,EUR/USD,SELL,2026-07-10 05:10:57,TARGET,1.0
874,GBP/CAD,SELL,2026-07-12 18:10:46,UNRESOLVED,
883,AUD/CAD,SELL,2026-07-12 18:10:46,TARGET,5.0
886,EUR/AUD,BUY,2026-07-12 18:10:46,STOP,2.0
887,EUR/USD,BUY,2026-07-12 18:10:46,STOP,9.0
917,EUR/USD,BUY,2026-07-12 18:10:46,STOP,9.0
927,AUD/JPY,SELL,2026-07-13 05:10:57,STOP,1.0
928,GBP/CAD,SELL,2026-07-16 05:10:57,UNRESOLVED,
937,AUD/CAD,SELL,2026-07-16 05:10:57,TARGET,1.0
941,EUR/USD,BUY,2026-07-13 05:10:57,STOP,8.0
950,GBP/JPY,SELL,2026-07-13 05:10:57,STOP,2.0
955,GBP/CAD,SELL,2026-07-13 05:10:57,TARGET,8.0
958,EUR/CHF,SELL,2026-07-13 05:10:57,STOP,1.0
960,USD/CHF,SELL,2026-07-13 05:10:57,STOP,1.0
963,AUD/CHF,SELL,2026-07-13 05:10:57,STOP,1.0
964,USD/CAD,SELL,2026-07-13 05:10:57,UNRESOLVED,
966,EUR/AUD,BUY,2026-07-13 05:10:57,STOP,2.0
967,EUR/USD,BUY,2026-07-13 05:10:57,STOP,8.0
968,GBP/AUD,SELL,2026-07-13 05:10:58,TARGET,6.0
972,GBP/USD,SELL,2026-07-13 05:10:58,STOP,2.0
975,GBP/USD,SELL,2026-07-13 05:10:58,STOP,2.0
978,GBP/JPY,SELL,2026-07-13 05:10:58,STOP,2.0
983,AUD/JPY,SELL,2026-07-13 05:10:58,STOP,3.0
984,GBP/CAD,SELL,2026-07-13 05:10:58,TARGET,8.0
986,EUR/GBP,BUY,2026-07-13 05:10:58,STOP,2.0
987,USD/JPY,SELL,2026-07-12 18:10:47,STOP,7.0
991,AUD/CHF,SELL,2026-07-13 05:10:58,STOP,1.0
994,USD/CAD,SELL,2026-07-13 05:10:58,UNRESOLVED,
995,EUR/AUD,SELL,2026-07-13 05:10:58,TARGET,2.0
997,EUR/USD,BUY,2026-07-13 05:10:58,STOP,8.0
1005,EUR/JPY,SELL,2026-07-14 05:10:08,STOP,6.0
1020,EUR/USD,BUY,2026-07-14 05:10:09,STOP,7.0
1021,GBP/AUD,SELL,2026-07-17 05:11:03,TARGET,1.0
1033,EUR/JPY,SELL,2026-07-14 05:10:09,STOP,6.0
1035,GBP/CAD,SELL,2026-07-14 05:10:09,UNRESOLVED,
1048,EUR/USD,BUY,2026-07-14 05:10:09,STOP,7.0
1064,EUR/JPY,SELL,2026-07-14 05:10:09,STOP,2.0
1068,EUR/GBP,BUY,2026-07-14 05:10:09,STOP,1.0
1069,USD/JPY,SELL,2026-07-14 05:10:09,STOP,5.0
1079,EUR/USD,BUY,2026-07-14 05:10:10,TARGET,2.0
1082,EUR/USD,BUY,2026-07-19 18:10:49,STOP,7.0
1089,EUR/JPY,SELL,2026-07-19 18:10:49,STOP,4.0
1092,GBP/USD,SELL,2026-07-15 05:11:03,STOP,1.0
1097,EUR/GBP,BUY,2026-07-15 05:11:03,STOP,1.0
1104,GBP/JPY,SELL,2026-07-15 05:11:03,STOP,1.0
1111,AUD/CAD,BUY,2026-07-15 05:11:03,STOP,10.0
1124,EUR/USD,BUY,2026-07-19 18:10:49,STOP,4.0
1133,USD/JPY,SELL,2026-07-19 18:10:49,STOP,4.0
1138,EUR/JPY,SELL,2026-07-19 18:10:50,STOP,3.0
1151,AUD/CAD,SELL,2026-07-16 05:10:57,TARGET,1.0
1165,EUR/USD,SELL,2026-07-20 05:10:54,TARGET,3.0
1173,EUR/USD,BUY,2026-07-20 05:10:54,STOP,3.0
1175,EUR/USD,BUY,2026-07-22 05:10:56,STOP,4.0
1188,GBP/AUD,SELL,2026-07-22 05:10:56,TARGET,1.0
1200,AUD/USD,BUY,2026-07-22 05:10:56,TARGET,1.0
1204,EUR/JPY,BUY,2026-07-22 05:10:56,TARGET,1.0
1205,EUR/USD,BUY,2026-07-23 05:10:56,TARGET,5.0
1208,AUD/USD,BUY,2026-07-23 05:10:56,TARGET,1.0
1227,GBP/CHF,SELL,2026-07-20 05:10:56,UNRESOLVED,
1232,AUD/CAD,BUY,2026-07-20 05:10:56,TARGET,1.0
1233,AUD/CHF,SELL,2026-07-20 05:10:56,STOP,1.0
1237,CAD/CHF,SELL,2026-07-20 05:10:56,STOP,3.0
1246,EUR/USD,BUY,2026-07-24 05:11:03,TARGET,4.0
1253,EUR/JPY,BUY,2026-07-24 05:11:03,TARGET,1.0
1257,CAD/CHF,SELL,2026-07-21 05:11:07,STOP,2.0
1259,GBP/CHF,SELL,2026-07-21 05:11:07,STOP,12.0
1262,EUR/CHF,SELL,2026-07-21 05:11:07,STOP,1.0
1266,NZD/CHF,SELL,2026-07-21 05:11:07,STOP,12.0
1267,USD/CHF,SELL,2026-07-21 05:11:07,STOP,2.0
1271,GBP/NZD,BUY,2026-07-19 18:10:50,STOP,9.0
1273,EUR/CAD,BUY,2026-07-21 05:11:07,TARGET,7.0
1276,EUR/NZD,BUY,2026-07-19 18:10:50,STOP,1.0
1278,AUD/CAD,BUY,2026-07-24 05:11:04,TARGET,1.0
1279,AUD/NZD,BUY,2026-07-19 18:10:50,TARGET,4.0
1286,CAD/CHF,SELL,2026-07-22 05:10:56,STOP,1.0
1288,GBP/CHF,SELL,2026-07-22 05:10:56,STOP,11.0
1293,EUR/CHF,SELL,2026-07-22 05:10:56,STOP,1.0
1296,NZD/CHF,SELL,2026-07-22 05:10:56,UNRESOLVED,
1297,USD/CHF,SELL,2026-07-22 05:10:57,STOP,1.0
1298,USD/CAD,BUY,2026-07-22 05:10:57,STOP,12.0
1300,EUR/USD,BUY,2026-07-22 05:10:57,STOP,1.0
1305,EUR/CAD,BUY,2026-07-22 05:10:57,TARGET,6.0
1306,GBP/JPY,SELL,2026-07-22 05:10:57,TARGET,6.0
1307,GBP/CAD,SELL,2026-07-22 05:10:57,UNRESOLVED,
1309,EUR/GBP,BUY,2026-07-20 05:10:57,UNRESOLVED,
1310,EUR/CHF,BUY,2026-07-22 05:10:57,TARGET,1.0
1311,GBP/AUD,SELL,2026-07-22 05:10:57,TARGET,1.0
1312,AUD/USD,SELL,2026-07-25 02:13:53,TARGET,3.0
1313,NZD/CAD,SELL,2026-07-22 05:10:57,TARGET,1.0
1314,USD/CHF,BUY,2026-07-20 05:10:57,TARGET,1.0
1315,GBP/USD,SELL,2026-07-22 05:10:57,TARGET,1.0
1316,CHF/JPY,SELL,2026-07-22 05:10:57,TARGET,1.0
1317,EUR/USD,SELL,2026-07-22 05:10:57,TARGET,1.0
1318,GBP/NZD,SELL,2026-07-22 05:10:58,TARGET,1.0
1319,GBP/USD,SELL,2026-07-23 05:10:56,UNRESOLVED,
1320,NZD/USD,SELL,2026-07-23 05:10:56,UNRESOLVED,
1325,GBP/CAD,SELL,2026-07-23 05:10:57,TARGET,1.0
1326,GBP/CHF,SELL,2026-07-23 05:10:57,STOP,13.0
1327,EUR/JPY,SELL,2026-07-26 18:10:48,STOP,4.0
1336,NZD/CHF,SELL,2026-07-23 05:10:57,UNRESOLVED,
1337,USD/CAD,BUY,2026-07-23 05:10:57,TARGET,1.0
1338,CHF/JPY,SELL,2026-07-23 05:10:57,TARGET,2.0
1339,EUR/USD,SELL,2026-07-23 05:10:57,TARGET,1.0
1342,AUD/NZD,BUY,2026-07-23 05:10:57,TARGET,3.0
1343,GBP/JPY,SELL,2026-07-23 05:10:57,TARGET,5.0
1345,AUD/USD,SELL,2026-07-26 18:10:48,TARGET,3.0
1347,GBP/USD,SELL,2026-07-24 05:11:04,TARGET,1.0
1348,NZD/USD,SELL,2026-07-24 05:11:04,TARGET,1.0
1349,GBP/JPY,SELL,2026-07-27 05:11:07,TARGET,2.0
1352,GBP/CAD,SELL,2026-07-24 05:11:04,TARGET,1.0
1354,GBP/CHF,SELL,2026-07-24 05:11:04,STOP,15.0
1355,EUR/JPY,SELL,2026-07-27 05:11:07,STOP,3.0
1356,AUD/CAD,BUY,2026-07-27 05:11:07,TARGET,1.0
1358,EUR/GBP,BUY,2026-07-24 05:11:04,TARGET,1.0
1360,NZD/JPY,SELL,2026-07-24 05:11:04,TARGET,4.0
1362,EUR/AUD,SELL,2026-07-27 05:11:07,TARGET,1.0
1364,NZD/CHF,SELL,2026-07-24 05:11:04,STOP,15.0
1365,USD/CAD,BUY,2026-07-24 05:11:04,TARGET,1.0
1370,AUD/NZD,BUY,2026-07-24 05:11:04,TARGET,2.0
1371,EUR/CAD,BUY,2026-07-24 05:11:04,TARGET,4.0
1375,CHF/JPY,SELL,2026-07-24 05:11:05,TARGET,1.0
1377,CAD/JPY,SELL,2026-07-29 05:11:00,TARGET,1.0
1379,GBP/JPY,SELL,2026-07-29 05:11:00,TARGET,1.0
1380,AUD/CAD,BUY,2026-07-29 05:11:01,TARGET,1.0
1383,NZD/JPY,SELL,2026-07-26 18:10:48,TARGET,4.0
1386,GBP/CHF,SELL,2026-07-26 18:10:48,STOP,9.0
1388,USD/CAD,BUY,2026-07-26 18:10:48,TARGET,1.0
1390,EUR/GBP,BUY,2026-07-24 05:11:05,TARGET,1.0
1391,CHF/JPY,SELL,2026-07-26 18:10:48,TARGET,1.0
1395,EUR/CAD,BUY,2026-07-29 05:11:01,TARGET,1.0
1396,GBP/NZD,BUY,2026-07-26 18:10:48,STOP,4.0
1397,AUD/USD,BUY,2026-07-29 05:11:01,TARGET,1.0
1399,NZD/USD,SELL,2026-07-26 18:10:48,TARGET,1.0
1401,GBP/USD,SELL,2026-07-26 18:10:48,TARGET,1.0
1404,GBP/CAD,SELL,2026-07-26 18:10:49,TARGET,2.0
1405,EUR/AUD,SELL,2026-07-29 05:11:01,STOP,1.0
1407,NZD/USD,SELL,2026-07-27 05:11:08,TARGET,1.0
1408,GBP/USD,SELL,2026-07-27 05:11:08,TARGET,1.0
1409,EUR/NZD,BUY,2026-07-27 05:11:08,TARGET,1.0
1411,CAD/JPY,SELL,2026-07-30 05:11:04,TARGET,1.0
1413,GBP/JPY,SELL,2026-07-30 05:11:04,TARGET,1.0
1417,NZD/JPY,SELL,2026-07-27 05:11:08,TARGET,3.0
1419,GBP/CAD,SELL,2026-07-27 05:11:08,TARGET,1.0
1421,GBP/CHF,SELL,2026-07-27 05:11:08,TARGET,3.0
1423,USD/CAD,BUY,2026-07-27 05:11:08,TARGET,1.0
1424,NZD/CHF,SELL,2026-07-27 05:11:08,STOP,5.0
1426,EUR/GBP,BUY,2026-07-27 05:11:08,TARGET,1.0
1428,AUD/NZD,BUY,2026-07-27 05:11:08,TARGET,1.0
1429,GBP/AUD,SELL,2026-07-27 05:11:09,TARGET,1.0
1430,EUR/CAD,BUY,2026-07-27 05:11:09,TARGET,3.0
1432,CHF/JPY,SELL,2026-07-27 05:11:09,TARGET,1.0
1434,GBP/NZD,BUY,2026-07-27 05:11:09,STOP,5.0
1437,EUR/AUD,BUY,2026-07-27 05:11:09,TARGET,2.0
1439,AUD/USD,SELL,2026-07-30 05:11:04,STOP,4.0
1440,NZD/CAD,SELL,2026-07-27 05:11:09,TARGET,1.0
1442,AUD/CAD,BUY,2026-07-27 05:11:09,STOP,2.0
1444,GBP/USD,SELL,2026-07-28 03:35:24,TARGET,1.0
1447,AUD/JPY,SELL,2026-07-31 05:10:54,TARGET,1.0
1451,AUD/CAD,SELL,2026-07-31 05:10:54,STOP,3.0
1455,GBP/CAD,SELL,2026-07-28 03:35:24,TARGET,1.0
1456,GBP/CHF,SELL,2026-07-28 03:35:24,STOP,13.0
1457,EUR/AUD,BUY,2026-07-28 03:35:24,TARGET,2.0
1458,USD/CAD,SELL,2026-07-31 05:10:54,TARGET,1.0
1459,NZD/CHF,SELL,2026-07-28 03:35:24,UNRESOLVED,
1465,GBP/AUD,SELL,2026-07-28 03:35:24,TARGET,1.0
1466,EUR/CAD,BUY,2026-07-31 05:10:54,TARGET,1.0
1471,GBP/NZD,BUY,2026-07-28 03:35:24,TARGET,11.0
1473,GBP/AUD,BUY,2026-07-28 03:35:24,TARGET,2.0
1474,AUD/USD,SELL,2026-07-31 05:10:54,STOP,3.0
1475,NZD/CAD,SELL,2026-07-28 03:35:24,UNRESOLVED,
1478,EUR/NZD,BUY,2026-07-29 05:11:01,TARGET,1.0
1490,GBP/CAD,SELL,2026-07-29 05:11:01,TARGET,1.0
1491,AUD/CHF,SELL,2026-07-29 05:11:01,STOP,13.0
1492,GBP/CHF,SELL,2026-07-29 05:11:02,TARGET,1.0
1493,EUR/AUD,BUY,2026-07-29 05:11:02,TARGET,1.0
1494,USD/CAD,SELL,2026-07-29 05:11:02,TARGET,1.0
1496,NZD/CHF,SELL,2026-07-29 05:11:02,UNRESOLVED,
1497,EUR/GBP,BUY,2026-07-29 05:11:02,TARGET,1.0
1500,AUD/NZD,BUY,2026-07-29 05:11:02,STOP,1.0
1503,GBP/USD,SELL,2026-07-29 05:11:02,STOP,1.0
1506,GBP/NZD,BUY,2026-07-29 05:11:02,STOP,4.0
1508,NZD/CAD,SELL,2026-07-29 05:11:02,TARGET,1.0
1509,EUR/CAD,BUY,2026-08-02 18:09:35,TARGET,1.0
1516,AUD/CAD,SELL,2026-07-30 05:11:05,STOP,4.0
1519,EUR/CHF,SELL,2026-08-02 18:09:35,STOP,4.0
1520,GBP/CAD,SELL,2026-07-30 05:11:05,STOP,3.0
1521,AUD/CHF,SELL,2026-07-30 05:11:05,STOP,13.0
1522,GBP/CHF,SELL,2026-07-30 05:11:05,STOP,5.0
1524,USD/CAD,BUY,2026-07-30 05:11:05,STOP,1.0
1526,NZD/CHF,SELL,2026-07-30 05:11:05,STOP,2.0
1529,AUD/NZD,SELL,2026-07-30 05:11:05,TARGET,1.0
1530,GBP/AUD,BUY,2026-07-30 05:11:05,TARGET,2.0
1536,EUR/GBP,BUY,2026-07-30 05:11:06,TARGET,2.0
1540,GBP/CAD,BUY,2026-07-30 05:11:06,TARGET,1.0
1543,GBP/NZD,SELL,2026-08-02 18:09:35,TARGET,1.0
1546,GBP/USD,BUY,2026-07-30 05:11:06,TARGET,1.0
1547,GBP/USD,BUY,2026-07-31 05:10:55,TARGET,1.0
1548,EUR/NZD,SELL,2026-07-31 05:10:55,TARGET,1.0
1557,EUR/CHF,SELL,2026-08-03 05:09:49,STOP,3.0
1558,GBP/CAD,BUY,2026-07-31 05:10:55,TARGET,1.0
1559,AUD/CHF,SELL,2026-07-31 05:10:55,UNRESOLVED,
1560,GBP/CHF,SELL,2026-08-03 05:09:49,STOP,3.0
1564,NZD/CHF,SELL,2026-07-31 05:10:55,STOP,1.0
1568,AUD/NZD,SELL,2026-07-31 05:10:55,TARGET,1.0
1569,GBP/AUD,BUY,2026-07-31 05:10:55,TARGET,1.0
1571,AUD/CAD,SELL,2026-07-31 05:10:55,STOP,3.0
1572,EUR/GBP,BUY,2026-07-31 05:10:55,TARGET,3.0
1580,CAD/CHF,SELL,2026-08-04 05:10:58,UNRESOLVED,
1583,AUD/CHF,SELL,2026-08-02 18:09:36,STOP,8.0
1585,USD/CAD,SELL,2026-08-02 18:09:36,TARGET,1.0
1586,GBP/CHF,SELL,2026-08-02 18:09:36,STOP,6.0
1588,NZD/CHF,SELL,2026-07-30 05:11:07,STOP,5.0
1589,EUR/GBP,BUY,2026-08-02 18:09:36,TARGET,1.0
1594,GBP/AUD,BUY,2026-08-02 18:09:36,TARGET,1.0
1595,NZD/CAD,BUY,2026-08-02 18:09:36,TARGET,1.0
1602,CAD/CHF,SELL,2026-08-05 05:10:54,TARGET,1.0
1607,GBP/CAD,BUY,2026-08-02 18:09:36,TARGET,1.0
1608,USD/CAD,SELL,2026-08-02 18:09:36,TARGET,1.0
1609,GBP/CHF,SELL,2026-08-02 18:09:36,STOP,10.0
1610,USD/CHF,SELL,2026-08-02 18:09:36,TARGET,13.0
1611,NZD/CHF,SELL,2026-08-02 18:09:36,STOP,4.0
1612,EUR/GBP,BUY,2026-08-02 18:09:36,TARGET,1.0
1618,GBP/AUD,BUY,2026-08-02 18:09:36,TARGET,1.0
1619,NZD/CAD,BUY,2026-08-02 18:09:37,TARGET,1.0
1622,EUR/NZD,BUY,2026-08-02 18:09:37,TARGET,9.0
1638,AUD/CHF,SELL,2026-08-06 05:11:03,STOP,4.0
1651,GBP/AUD,BUY,2026-08-06 05:11:04,STOP,14.0
1656,USD/CAD,SELL,2026-08-03 05:09:49,TARGET,1.0
1657,EUR/GBP,BUY,2026-08-03 05:09:49,UNRESOLVED,
1659,AUD/CAD,SELL,2026-08-03 05:09:49,TARGET,6.0
1660,GBP/CHF,SELL,2026-08-03 05:09:49,STOP,3.0
1663,GBP/CAD,BUY,2026-08-03 05:09:49,TARGET,1.0
1671,CAD/CHF,SELL,2026-08-04 05:10:59,TARGET,1.0
1677,GBP/CHF,SELL,2026-08-04 05:10:59,STOP,2.0
1678,USD/CHF,SELL,2026-08-07 05:10:54,TARGET,9.0
1690,EUR/NZD,SELL,2026-08-07 05:10:54,TARGET,2.0
1695,GBP/CAD,BUY,2026-08-07 05:10:54,TARGET,1.0
1697,NZD/CAD,BUY,2026-08-04 05:10:59,TARGET,1.0
1709,CAD/CHF,SELL,2026-08-05 05:10:55,UNRESOLVED,
1716,GBP/CHF,SELL,2026-08-05 05:10:55,STOP,1.0
1719,EUR/GBP,SELL,2026-08-09 18:10:41,TARGET,1.0
1729,AUD/CHF,SELL,2026-08-05 05:10:55,STOP,1.0
1732,GBP/NZD,SELL,2026-08-09 18:10:41,STOP,4.0
1733,EUR/NZD,SELL,2026-08-05 05:10:55,TARGET,3.0
1737,EUR/AUD,SELL,2026-08-05 05:10:55,TARGET,2.0
1738,AUD/CHF,BUY,2026-08-05 05:10:55,TARGET,1.0
1739,USD/CAD,BUY,2026-08-05 05:10:55,STOP,2.0
1749,EUR/AUD,SELL,2026-08-06 05:11:04,TARGET,1.0
1750,AUD/CHF,SELL,2026-08-06 05:11:04,STOP,1.0
1751,EUR/CHF,SELL,2026-08-09 18:10:41,STOP,5.0
1754,GBP/CHF,SELL,2026-08-06 05:11:04,STOP,1.0
1757,EUR/GBP,SELL,2026-08-09 18:10:42,TARGET,1.0
1763,GBP/AUD,SELL,2026-08-06 05:11:04,TARGET,1.0
1769,EUR/NZD,SELL,2026-08-06 05:11:04,STOP,5.0
1771,AUD/CHF,BUY,2026-08-06 05:11:04,TARGET,1.0
1779,CAD/CHF,BUY,2026-08-06 05:11:04,TARGET,1.0
1781,EUR/AUD,BUY,2026-08-06 05:11:04,STOP,4.0
1782,USD/CAD,BUY,2026-08-06 05:11:05,STOP,1.0
1783,GBP/CHF,BUY,2026-08-06 05:11:05,TARGET,1.0
1785,EUR/GBP,BUY,2026-08-06 05:11:05,UNRESOLVED,
1787,EUR/USD,SELL,2026-08-06 05:11:05,STOP,7.0
1789,AUD/USD,SELL,2026-08-06 05:11:05,STOP,4.0
1790,GBP/NZD,BUY,2026-08-06 05:11:05,TARGET,4.0
1791,NZD/USD,SELL,2026-08-06 05:11:05,TARGET,5.0
1792,GBP/USD,SELL,2026-08-06 05:11:05,STOP,7.0
1797,EUR/NZD,BUY,2026-08-07 05:10:54,TARGET,4.0
1798,NZD/USD,SELL,2026-08-07 05:10:54,STOP,6.0
1803,AUD/CAD,BUY,2026-08-07 05:10:54,STOP,9.0
1805,CAD/CHF,BUY,2026-08-07 05:10:54,TARGET,1.0
1806,EUR/AUD,BUY,2026-08-07 05:10:54,STOP,6.0
1807,AUD/CHF,BUY,2026-08-07 05:10:54,TARGET,1.0
1810,USD/CAD,BUY,2026-08-07 05:10:55,STOP,1.0
1812,USD/CHF,BUY,2026-08-05 05:10:56,TARGET,1.0
1814,EUR/GBP,BUY,2026-08-10 05:10:55,UNRESOLVED,
1816,EUR/USD,SELL,2026-08-07 05:10:55,STOP,5.0
1819,AUD/USD,SELL,2026-08-10 05:10:55,STOP,2.0
1821,CAD/CHF,SELL,2026-08-05 05:10:56,STOP,3.0
1822,AUD/CHF,SELL,2026-08-07 05:10:55,STOP,2.0
1823,EUR/GBP,SELL,2026-08-10 05:10:56,UNRESOLVED,
1824,GBP/AUD,BUY,2026-08-07 05:10:55,STOP,10.0
1830,NZD/JPY,BUY,2026-08-07 05:10:55,TARGET,1.0
1831,EUR/AUD,SELL,2026-08-09 18:10:42,TARGET,3.0
1833,AUD/CAD,BUY,2026-08-09 18:10:42,TARGET,11.0
1837,GBP/CAD,SELL,2026-08-09 18:10:42,TARGET,3.0
1838,EUR/USD,SELL,2026-08-09 18:10:42,STOP,6.0
1844,AUD/NZD,BUY,2026-08-09 18:10:42,TARGET,2.0
1846,GBP/AUD,SELL,2026-08-09 18:10:42,TARGET,1.0
1849,EUR/NZD,BUY,2026-08-09 18:10:42,TARGET,4.0
1850,NZD/USD,SELL,2026-08-09 18:10:42,TARGET,4.0
1851,NZD/CAD,SELL,2026-08-09 18:10:43,TARGET,3.0
1852,GBP/USD,SELL,2026-08-09 18:10:43,STOP,6.0
1853,EUR/GBP,BUY,2026-08-12 05:10:59,TARGET,15.0
1854,NZD/CHF,SELL,2026-08-09 18:10:43,STOP,6.0
1855,USD/CHF,BUY,2026-08-07 05:10:55,TARGET,3.0
1856,GBP/USD,SELL,2026-08-10 05:10:56,STOP,4.0
1857,NZD/CAD,SELL,2026-08-10 05:10:56,TARGET,1.0
1858,NZD/USD,SELL,2026-08-10 05:10:56,TARGET,3.0
1860,EUR/JPY,BUY,2026-08-09 18:10:43,TARGET,2.0
1861,CAD/JPY,BUY,2026-08-09 18:10:43,TARGET,1.0
1862,GBP/JPY,BUY,2026-08-09 18:10:43,TARGET,1.0
1863,USD/JPY,BUY,2026-08-09 18:10:43,TARGET,1.0
1864,NZD/JPY,BUY,2026-08-09 18:10:43,TARGET,1.0
1865,EUR/AUD,BUY,2026-08-10 05:10:56,STOP,2.0
1869,EUR/GBP,SELL,2026-08-13 05:11:08,STOP,14.0
1870,AUD/CHF,SELL,2026-08-10 05:10:56,STOP,1.0
1871,GBP/CAD,SELL,2026-08-10 05:10:56,TARGET,1.0
1872,EUR/USD,SELL,2026-08-10 05:10:56,STOP,5.0
1874,CHF/JPY,BUY,2026-08-09 18:10:44,TARGET,6.0
1877,NZD/CHF,SELL,2026-08-10 05:10:56,STOP,5.0
1879,EUR/CAD,SELL,2026-08-10 05:10:56,TARGET,1.0
1880,GBP/AUD,SELL,2026-08-10 05:10:57,TARGET,5.0
1881,EUR/AUD,SELL,2026-08-10 05:10:57,TARGET,1.0
1883,CAD/CHF,BUY,2026-08-09 18:10:44,TARGET,1.0
1884,EUR/GBP,BUY,2026-08-13 05:11:08,TARGET,14.0
1885,USD/CHF,SELL,2026-08-09 18:10:44,TARGET,8.0
1886,AUD/USD,BUY,2026-08-10 05:10:57,TARGET,1.0
1889,GBP/NZD,BUY,2026-08-10 05:10:57,TARGET,2.0
1890,EUR/NZD,BUY,2026-08-10 05:10:57,TARGET,3.0
1891,GBP/USD,BUY,2026-08-10 05:10:57,TARGET,1.0
1892,NZD/CAD,SELL,2026-08-11 04:07:31,TARGET,1.0
1893,NZD/USD,SELL,2026-08-11 04:07:31,STOP,4.0
1894,AUD/JPY,BUY,2026-08-09 18:10:44,TARGET,6.0
1895,EUR/JPY,BUY,2026-08-09 18:10:44,TARGET,6.0
1896,CAD/JPY,BUY,2026-08-09 18:10:44,TARGET,5.0
1897,GBP/JPY,BUY,2026-08-09 18:10:45,TARGET,1.0
1898,USD/JPY,BUY,2026-08-09 18:10:45,TARGET,1.0
1899,NZD/JPY,BUY,2026-08-09 18:10:45,TARGET,1.0
1900,EUR/AUD,SELL,2026-08-11 04:07:32,TARGET,1.0
1902,AUD/CAD,BUY,2026-08-11 04:07:32,STOP,7.0
1903,CAD/CHF,SELL,2026-08-09 18:10:45,STOP,1.0
1904,EUR/GBP,SELL,2026-08-14 05:10:55,TARGET,1.0
1905,AUD/CHF,SELL,2026-08-11 04:07:32,STOP,1.0
1906,GBP/CAD,BUY,2026-08-11 04:07:32,STOP,5.0
1909,CHF/JPY,BUY,2026-08-09 18:10:45,TARGET,1.0
1911,USD/CHF,BUY,2026-08-09 18:10:45,STOP,8.0
1912,NZD/CHF,SELL,2026-08-11 04:07:32,STOP,4.0
1913,AUD/NZD,SELL,2026-08-11 04:07:32,STOP,1.0
1915,GBP/AUD,SELL,2026-08-11 04:07:32,TARGET,8.0
1918,AUD/NZD,BUY,2026-08-11 04:07:32,TARGET,1.0
1919,AUD/CAD,SELL,2026-08-09 18:10:46,STOP,14.0
1920,GBP/CAD,SELL,2026-08-11 04:07:32,TARGET,1.0
1922,GBP/NZD,BUY,2026-08-11 04:07:32,TARGET,1.0
1923,EUR/NZD,BUY,2026-08-11 04:07:32,TARGET,1.0
1924,EUR/AUD,BUY,2026-08-11 04:07:32,STOP,4.0
1925,USD/CHF,SELL,2026-08-09 18:10:46,STOP,4.0
1926,NZD/USD,SELL,2026-08-12 05:10:59,STOP,3.0
1927,AUD/JPY,BUY,2026-08-10 05:10:58,TARGET,1.0
1928,EUR/JPY,BUY,2026-08-10 05:10:58,TARGET,1.0
1929,CAD/JPY,BUY,2026-08-10 05:10:58,TARGET,1.0
1930,GBP/JPY,BUY,2026-08-10 05:10:58,TARGET,1.0
1931,USD/JPY,BUY,2026-08-10 05:10:58,TARGET,1.0
1932,NZD/JPY,BUY,2026-08-10 05:10:58,TARGET,1.0
1933,EUR/AUD,BUY,2026-08-12 05:10:59,STOP,3.0
1935,AUD/CAD,SELL,2026-08-12 05:10:59,TARGET,1.0
1937,EUR/GBP,SELL,2026-08-16 03:18:07,TARGET,1.0
1938,AUD/CHF,SELL,2026-08-12 05:10:59,STOP,1.0
1939,GBP/CAD,SELL,2026-08-12 05:10:59,TARGET,1.0
1940,EUR/USD,SELL,2026-08-12 05:10:59,STOP,3.0
1942,CHF/JPY,BUY,2026-08-10 05:10:58,TARGET,5.0
1944,USD/CHF,BUY,2026-08-10 05:10:59,TARGET,3.0
1946,AUD/NZD,SELL,2026-08-12 05:11:00,STOP,1.0
1948,GBP/AUD,BUY,2026-08-12 05:11:00,TARGET,6.0
1949,AUD/USD,SELL,2026-08-12 05:11:00,STOP,3.0
1950,GBP/USD,SELL,2026-08-12 05:11:00,STOP,2.0
1951,CAD/CHF,BUY,2026-08-10 05:10:59,TARGET,1.0
1954,GBP/AUD,SELL,2026-08-12 05:11:00,TARGET,7.0
1955,GBP/CAD,BUY,2026-08-12 05:11:00,STOP,2.0
1957,AUD/NZD,BUY,2026-08-12 05:11:00,TARGET,1.0
1958,GBP/NZD,BUY,2026-08-12 05:11:00,TARGET,1.0
1959,EUR/NZD,BUY,2026-08-12 05:11:00,TARGET,1.0
1960,NZD/CAD,SELL,2026-08-12 05:11:00,TARGET,1.0
1961,EUR/AUD,SELL,2026-08-12 05:11:00,TARGET,3.0
1964,NZD/USD,SELL,2026-08-16 03:18:07,STOP,1.0
1965,AUD/JPY,BUY,2026-08-11 04:07:33,TARGET,1.0
1966,EUR/JPY,BUY,2026-08-11 04:07:33,TARGET,1.0
1967,CAD/JPY,BUY,2026-08-11 04:07:33,TARGET,1.0
1968,GBP/JPY,BUY,2026-08-11 04:07:33,TARGET,1.0
1969,USD/JPY,BUY,2026-08-11 04:07:33,TARGET,1.0
1970,NZD/JPY,BUY,2026-08-13 05:11:08,TARGET,1.0
1974,EUR/GBP,SELL,2026-08-16 03:18:07,TARGET,1.0
1976,GBP/CAD,SELL,2026-08-13 05:11:08,TARGET,1.0
1977,EUR/USD,SELL,2026-08-16 03:18:07,STOP,1.0
1979,CHF/JPY,BUY,2026-08-11 04:07:34,TARGET,4.0
1983,AUD/NZD,BUY,2026-08-16 03:18:08,TARGET,2.0
1985,GBP/AUD,SELL,2026-08-16 03:18:08,TARGET,8.0
1990,USD/CHF,BUY,2026-08-13 05:11:08,TARGET,1.0
1992,AUD/JPY,BUY,2026-08-14 05:10:55,TARGET,1.0
1993,EUR/JPY,BUY,2026-08-14 05:10:55,TARGET,1.0
1994,CAD/JPY,BUY,2026-08-12 05:11:01,TARGET,1.0
1995,GBP/JPY,BUY,2026-08-14 05:10:56,TARGET,1.0
1997,NZD/JPY,BUY,2026-08-14 05:10:56,TARGET,1.0
1999,EUR/CHF,SELL,2026-08-14 05:10:56,STOP,1.0
2000,AUD/CAD,BUY,2026-08-14 05:10:56,STOP,4.0
2007,CHF/JPY,BUY,2026-08-14 05:10:56,TARGET,1.0
2011,AUD/NZD,BUY,2026-08-17 05:07:16,TARGET,1.0
2013,GBP/AUD,SELL,2026-08-17 05:07:16,TARGET,1.0
2014,AUD/USD,BUY,2026-08-17 05:07:16,TARGET,1.0
2015,GBP/NZD,BUY,2026-08-17 05:07:16,TARGET,2.0
2017,EUR/GBP,SELL,2026-08-17 05:07:16,TARGET,1.0
2018,GBP/CAD,SELL,2026-08-17 05:07:16,TARGET,1.0
2020,EUR/NZD,BUY,2026-08-17 05:07:16,TARGET,2.0
2021,NZD/CAD,SELL,2026-08-17 05:07:16,UNRESOLVED,
2023,GBP/AUD,BUY,2026-08-14 05:10:56,STOP,8.0
2024,AUD/JPY,BUY,2026-08-16 03:18:08,TARGET,1.0
2027,EUR/AUD,BUY,2026-08-16 03:18:08,STOP,8.0
2028,EUR/JPY,BUY,2026-08-14 05:10:57,TARGET,1.0
2029,CAD/JPY,BUY,2026-08-14 05:10:57,TARGET,1.0
2030,AUD/CAD,BUY,2026-08-16 03:18:08,TARGET,6.0
2032,GBP/JPY,BUY,2026-08-14 05:10:57,TARGET,1.0
2034,USD/JPY,BUY,2026-08-14 05:10:57,TARGET,1.0
2035,GBP/CAD,BUY,2026-08-16 03:18:08,TARGET,7.0
2037,NZD/JPY,BUY,2026-08-16 03:18:08,TARGET,1.0
2041,USD/CHF,BUY,2026-08-16 03:18:08,STOP,3.0
2042,EUR/CAD,BUY,2026-08-16 03:18:09,TARGET,8.0
2043,AUD/NZD,BUY,2026-08-16 03:18:09,TARGET,2.0
2044,CHF/JPY,BUY,2026-08-16 03:18:09,TARGET,1.0
2046,AUD/USD,SELL,2026-08-16 03:18:09,STOP,1.0
2048,EUR/NZD,BUY,2026-08-19 05:11:01,TARGET,10.0
2049,NZD/USD,SELL,2026-08-19 05:11:01,STOP,1.0
2052,EUR/GBP,SELL,2026-08-19 05:11:01,STOP,10.0
2053,NZD/CAD,SELL,2026-08-20 05:10:55,TARGET,9.0
2059,EUR/JPY,BUY,2026-08-17 05:07:17,TARGET,1.0
2061,AUD/CAD,BUY,2026-08-20 05:10:55,TARGET,4.0
2062,EUR/GBP,SELL,2026-08-20 05:10:55,STOP,9.0
2063,GBP/JPY,BUY,2026-08-17 05:07:17,TARGET,1.0
2065,USD/JPY,BUY,2026-08-17 05:45:40,TARGET,1.0
2066,GBP/CAD,BUY,2026-08-17 05:45:40,STOP,12.0
2071,USD/CHF,BUY,2026-08-17 05:07:18,STOP,2.0
2074,AUD/NZD,BUY,2026-08-20 05:10:56,TARGET,4.0
2075,CHF/JPY,BUY,2026-08-20 05:10:56,TARGET,1.0
2076,GBP/NZD,BUY,2026-08-20 05:10:56,STOP,6.0
2077,AUD/JPY,SELL,2026-08-17 05:45:42,STOP,1.0
2079,CAD/CHF,BUY,2026-08-17 05:07:18,TARGET,1.0
2081,GBP/CAD,SELL,2026-08-17 05:07:19,STOP,6.0
2083,EUR/JPY,SELL,2026-08-17 05:07:19,STOP,3.0
2084,GBP/JPY,SELL,2026-08-16 03:18:10,STOP,5.0
2086,EUR/NZD,BUY,2026-08-20 05:10:56,TARGET,9.0
2092,CAD/JPY,SELL,2026-08-18 05:11:01,STOP,3.0
2093,AUD/CAD,BUY,2026-08-21 05:11:04,TARGET,1.0
2094,EUR/GBP,BUY,2026-08-21 05:11:04,TARGET,9.0
2095,GBP/JPY,SELL,2026-08-18 05:11:01,STOP,3.0
2097,USD/JPY,BUY,2026-08-16 03:18:10,STOP,14.0
2098,GBP/CAD,BUY,2026-08-21 05:11:04,TARGET,2.0
2101,GBP/CHF,SELL,2026-08-18 05:11:01,UNRESOLVED,
2103,USD/CHF,BUY,2026-08-18 05:11:01,STOP,1.0
2105,EUR/CAD,BUY,2026-08-21 05:11:04,TARGET,1.0
2106,AUD/NZD,BUY,2026-08-21 05:11:05,TARGET,3.0
2107,CHF/JPY,BUY,2026-08-21 05:11:05,TARGET,1.0
2110,EUR/NZD,BUY,2026-08-21 05:11:05,TARGET,8.0
2114,GBP/CAD,SELL,2026-08-21 05:11:05,STOP,2.0
2115,GBP/NZD,BUY,2026-08-21 05:11:05,STOP,1.0
2116,NZD/CAD,SELL,2026-08-21 05:11:05,STOP,1.0
2117,EUR/JPY,BUY,2026-08-18 05:11:02,TARGET,2.0
2118,AUD/CAD,SELL,2026-08-21 05:11:05,STOP,1.0
2120,EUR/JPY,SELL,2026-08-18 05:11:02,STOP,2.0
2124,CAD/CHF,SELL,2026-08-19 05:11:02,UNRESOLVED,
2126,EUR/JPY,BUY,2026-08-23 18:10:59,TARGET,1.0
2127,CAD/JPY,SELL,2026-08-19 05:11:02,STOP,2.0
2128,AUD/CAD,SELL,2026-08-23 18:10:59,STOP,1.0
2129,EUR/GBP,BUY,2026-08-23 18:10:59,UNRESOLVED,
2130,GBP/JPY,SELL,2026-08-19 05:11:02,STOP,3.0
2132,USD/JPY,BUY,2026-08-19 05:11:02,STOP,11.0
2133,GBP/CAD,SELL,2026-08-23 18:10:59,STOP,2.0
2135,GBP/CHF,SELL,2026-08-19 05:11:02,UNRESOLVED,
2137,USD/CHF,BUY,2026-08-19 05:11:02,STOP,1.0
2139,EUR/CAD,BUY,2026-08-23 18:10:59,TARGET,1.0
2140,AUD/NZD,BUY,2026-08-19 05:11:03,STOP,1.0
2146,CHF/JPY,BUY,2026-08-19 05:11:03,TARGET,1.0
2147,CAD/JPY,BUY,2026-08-19 05:11:03,TARGET,1.0
2148,GBP/CAD,BUY,2026-08-23 18:10:59,TARGET,2.0
2150,USD/CHF,SELL,2026-08-19 05:11:03,TARGET,1.0
2156,NZD/CAD,BUY,2026-08-23 18:11:00,TARGET,1.0
2159,EUR/CHF,SELL,2026-08-23 18:11:00,UNRESOLVED,
2160,CAD/CHF,SELL,2026-08-23 18:11:00,TARGET,1.0
2163,AUD/CAD,BUY,2026-08-23 18:11:00,TARGET,1.0
2164,EUR/GBP,BUY,2026-08-23 18:11:00,TARGET,8.0
2165,GBP/JPY,SELL,2026-08-20 05:10:57,STOP,1.0
2167,USD/JPY,BUY,2026-08-20 05:10:57,STOP,10.0
2168,GBP/CAD,BUY,2026-08-23 18:11:00,TARGET,2.0
2170,NZD/JPY,BUY,2026-08-20 05:10:57,TARGET,1.0
2175,EUR/CAD,BUY,2026-08-23 18:11:00,TARGET,1.0
2176,AUD/NZD,SELL,2026-08-20 05:10:57,TARGET,1.0
2178,GBP/NZD,SELL,2026-08-20 05:10:57,TARGET,1.0
2180,EUR/JPY,BUY,2026-08-20 05:10:57,TARGET,1.0
2181,GBP/CAD,SELL,2026-08-23 18:11:00,STOP,2.0
2186,CAD/JPY,BUY,2026-08-20 05:10:57,TARGET,1.0
2189,GBP/AUD,SELL,2026-08-23 18:11:00,TARGET,1.0
2190,EUR/NZD,SELL,2026-08-23 18:11:01,TARGET,1.0
2192,AUD/CAD,SELL,2026-08-23 18:11:01,STOP,1.0
2193,NZD/CAD,BUY,2026-08-24 05:10:57,TARGET,1.0
2199,EUR/JPY,BUY,2026-08-24 05:10:57,TARGET,1.0
2201,AUD/CAD,BUY,2026-08-24 05:10:57,TARGET,1.0
2203,GBP/JPY,BUY,2026-08-24 05:10:57,TARGET,1.0
2204,AUD/CHF,SELL,2026-08-24 05:10:57,STOP,6.0
2205,GBP/CAD,BUY,2026-08-24 05:10:57,TARGET,1.0
2208,GBP/CHF,SELL,2026-08-21 05:11:06,UNRESOLVED,
2212,EUR/CAD,BUY,2026-08-24 05:10:58,TARGET,1.0
2215,GBP/NZD,SELL,2026-08-21 05:11:06,TARGET,1.0
2218,EUR/GBP,BUY,2026-08-24 05:10:58,TARGET,2.0
2220,USD/JPY,BUY,2026-08-21 05:11:07,STOP,9.0
2226,EUR/AUD,BUY,2026-08-26 01:00:11,STOP,1.0
2229,AUD/CAD,BUY,2026-08-26 01:00:11,TARGET,1.0
2230,CAD/JPY,SELL,2026-08-26 01:00:11,TARGET,5.0
2232,EUR/GBP,BUY,2026-08-26 01:00:12,TARGET,1.0
2239,NZD/CHF,SELL,2026-08-26 01:00:12,UNRESOLVED,
2252,EUR/JPY,BUY,2026-08-26 01:00:12,TARGET,1.0
2253,GBP/CAD,BUY,2026-08-26 01:00:12,TARGET,1.0
2259,CAD/JPY,SELL,2026-08-27 05:11:00,TARGET,5.0
2260,AUD/CHF,SELL,2026-08-24 05:10:58,UNRESOLVED,
2261,EUR/GBP,BUY,2026-08-27 05:11:00,TARGET,1.0
2263,USD/JPY,BUY,2026-08-27 05:11:00,TARGET,4.0
2266,GBP/CHF,SELL,2026-08-24 05:10:58,UNRESOLVED,
2277,EUR/NZD,BUY,2026-08-27 05:11:00,TARGET,4.0
2282,EUR/JPY,BUY,2026-08-27 05:11:00,TARGET,1.0
2284,GBP/CAD,BUY,2026-08-27 05:11:00,STOP,4.0
2285,AUD/NZD,SELL,2026-08-24 05:10:59,STOP,4.0
2292,EUR/JPY,BUY,2026-08-28 11:11:15,STOP,4.0
2294,CAD/JPY,SELL,2026-08-28 11:11:15,TARGET,3.0
2295,AUD/CHF,SELL,2026-08-28 11:11:15,STOP,3.0
2296,EUR/GBP,BUY,2026-08-28 11:11:15,TARGET,3.0
2297,GBP/JPY,BUY,2026-08-28 11:11:15,STOP,3.0
2300,NZD/CHF,SELL,2026-08-28 11:11:15,TARGET,3.0
2305,CHF/JPY,BUY,2026-08-28 11:11:15,STOP,3.0
2309,USD/JPY,SELL,2026-08-28 11:11:15,TARGET,3.0
2310,GBP/CAD,BUY,2026-08-28 11:11:15,STOP,3.0
2313,AUD/JPY,BUY,2026-08-28 11:11:15,TARGET,1.0
2316,NZD/JPY,BUY,2026-08-28 11:11:16,TARGET,1.0
2318,GBP/AUD,SELL,2026-08-25 05:10:58,TARGET,1.0
2323,GBP/JPY,SELL,2026-08-28 11:11:16,TARGET,3.0
2329,EUR/JPY,BUY,2026-08-30 18:10:46,TARGET,2.0
2331,CAD/JPY,SELL,2026-08-30 18:10:46,TARGET,3.0
2333,EUR/GBP,BUY,2026-08-30 18:10:46,TARGET,3.0
2337,GBP/CAD,BUY,2026-08-30 18:10:46,STOP,3.0
2338,GBP/CHF,SELL,2026-08-26 01:00:13,UNRESOLVED,
2344,EUR/CAD,BUY,2026-08-30 18:10:47,TARGET,3.0
2345,CHF/JPY,BUY,2026-08-30 18:10:47,TARGET,1.0
2348,GBP/JPY,BUY,2026-08-30 18:10:47,STOP,3.0
2352,AUD/NZD,SELL,2026-08-26 01:00:13,STOP,2.0
2356,EUR/GBP,SELL,2026-08-30 18:10:47,TARGET,1.0
2357,USD/JPY,BUY,2026-08-26 01:00:13,TARGET,2.0
2358,EUR/USD,SELL,2026-08-26 01:00:14,TARGET,2.0
2359,USD/CHF,BUY,2026-08-24 05:11:00,TARGET,2.0
2361,USD/CAD,BUY,2026-08-26 01:00:14,UNRESOLVED,
2362,CHF/JPY,SELL,2026-08-26 01:00:14,TARGET,5.0
2366,NZD/CAD,BUY,2026-08-26 01:00:14,TARGET,1.0
2367,GBP/USD,SELL,2026-08-30 18:10:47,UNRESOLVED,
2370,NZD/USD,SELL,2026-08-27 05:11:01,UNRESOLVED,
2372,EUR/CHF,BUY,2026-08-25 05:10:59,TARGET,1.0
2374,CAD/CHF,BUY,2026-08-25 05:10:59,TARGET,5.0
2375,EUR/JPY,SELL,2026-08-30 18:10:47,TARGET,3.0
2377,CAD/JPY,BUY,2026-08-30 18:10:47,STOP,3.0
2379,EUR/GBP,SELL,2026-08-30 18:10:47,STOP,4.0
2380,USD/JPY,BUY,2026-08-27 05:11:02,TARGET,1.0
2381,EUR/USD,SELL,2026-08-30 18:10:48,TARGET,1.0
2383,GBP/CHF,BUY,2026-08-25 05:10:59,TARGET,1.0
2386,USD/CHF,BUY,2026-08-25 05:11:00,TARGET,3.0
2388,AUD/NZD,BUY,2026-08-27 05:11:02,TARGET,1.0
2389,EUR/CAD,BUY,2026-08-30 18:10:48,STOP,3.0
2390,CHF/JPY,SELL,2026-08-27 05:11:02,TARGET,4.0
2393,GBP/NZD,BUY,2026-08-27 05:11:02,TARGET,4.0
2398,CAD/JPY,SELL,2026-08-27 05:11:02,TARGET,4.0
2399,GBP/JPY,BUY,2026-08-30 18:10:48,STOP,3.0
2400,GBP/CAD,BUY,2026-08-30 18:10:48,STOP,3.0
2401,NZD/CHF,BUY,2026-08-27 05:11:02,TARGET,1.0
2403,EUR/GBP,BUY,2026-08-30 18:10:48,TARGET,4.0
2404,GBP/JPY,SELL,2026-08-30 18:10:48,TARGET,3.0
2405,USD/CAD,BUY,2026-08-27 05:11:03,TARGET,4.0
2406,GBP/NZD,SELL,2026-08-27 05:11:03,TARGET,1.0
2408,GBP/USD,SELL,2026-08-30 18:10:48,UNRESOLVED,
2409,AUD/USD,BUY,2026-08-27 05:11:03,TARGET,1.0
2410,NZD/CAD,BUY,2026-08-28 11:11:16,STOP,3.0
2411,NZD/USD,SELL,2026-08-28 11:11:16,TARGET,1.0
2413,EUR/CHF,BUY,2026-08-26 01:00:15,TARGET,1.0
2415,CAD/CHF,BUY,2026-08-28 11:11:16,TARGET,3.0
2416,EUR/JPY,SELL,2026-08-31 05:11:00,TARGET,2.0
2418,CAD/JPY,SELL,2026-08-28 11:11:16,TARGET,3.0
2420,EUR/GBP,BUY,2026-08-31 05:11:00,TARGET,3.0
2421,GBP/JPY,SELL,2026-08-31 05:11:00,TARGET,2.0
2422,USD/JPY,BUY,2026-08-28 11:11:17,TARGET,2.0
2423,EUR/USD,SELL,2026-08-28 11:11:17,TARGET,1.0
2424,GBP/CHF,BUY,2026-08-26 01:00:15,TARGET,4.0
2425,NZD/JPY,SELL,2026-08-28 11:11:17,TARGET,3.0
2426,NZD/CHF,SELL,2026-08-28 11:11:17,TARGET,3.0
2427,USD/CHF,BUY,2026-08-26 01:00:16,TARGET,1.0
2428,USD/CAD,BUY,2026-08-28 11:11:17,TARGET,1.0
2429,AUD/NZD,BUY,2026-08-28 11:11:17,TARGET,1.0
2430,EUR/CAD,BUY,2026-08-31 05:11:00,STOP,3.0
2431,CHF/JPY,SELL,2026-08-28 11:11:17,TARGET,1.0
2436,GBP/NZD,BUY,2026-08-28 11:11:17,TARGET,3.0
2437,EUR/CHF,BUY,2026-08-28 11:11:18,TARGET,1.0
2439,CAD/CHF,SELL,2026-08-28 11:11:18,STOP,3.0
2442,EUR/JPY,SELL,2026-09-02 05:10:51,TARGET,1.0
2444,CAD/JPY,SELL,2026-08-30 18:10:49,TARGET,3.0
2445,USD/CHF,BUY,2026-08-28 11:11:18,TARGET,1.0
2446,NZD/CHF,SELL,2026-08-30 18:10:49,TARGET,3.0
2447,GBP/JPY,SELL,2026-09-02 05:10:51,TARGET,1.0
2448,USD/JPY,BUY,2026-08-30 18:10:49,TARGET,2.0
2449,NZD/JPY,SELL,2026-08-30 18:10:49,TARGET,3.0
2450,EUR/GBP,BUY,2026-08-30 18:10:49,TARGET,3.0
2451,EUR/USD,SELL,2026-08-30 18:10:49,TARGET,1.0
2454,CHF/JPY,SELL,2026-08-30 18:10:50,TARGET,3.0
2456,AUD/USD,SELL,2026-09-02 05:10:51,UNRESOLVED,
2459,GBP/NZD,BUY,2026-08-30 18:10:50,TARGET,2.0
2460,EUR/NZD,BUY,2026-08-30 18:10:50,TARGET,3.0
2462,GBP/USD,SELL,2026-09-02 05:10:51,TARGET,1.0
2463,EUR/CHF,SELL,2026-08-30 18:10:50,STOP,2.0
2464,CAD/CHF,BUY,2026-08-30 18:10:50,TARGET,2.0
2466,GBP/CHF,BUY,2026-08-28 11:11:18,TARGET,2.0
2468,EUR/NZD,BUY,2026-08-31 05:11:01,TARGET,2.0
2469,EUR/CHF,BUY,2026-08-30 18:10:50,TARGET,1.0
2471,CAD/CHF,BUY,2026-08-31 05:11:01,TARGET,1.0
2474,EUR/JPY,SELL,2026-08-31 05:11:01,TARGET,2.0
2476,CAD/JPY,SELL,2026-08-31 05:11:01,TARGET,2.0
2477,GBP/CHF,BUY,2026-08-30 18:10:51,TARGET,2.0
2478,NZD/CHF,SELL,2026-08-30 18:10:51,TARGET,3.0
2479,USD/CHF,BUY,2026-08-30 18:10:51,TARGET,1.0
2480,GBP/JPY,SELL,2026-08-31 05:11:01,TARGET,2.0
2481,USD/JPY,BUY,2026-08-31 05:11:01,TARGET,1.0
2482,NZD/JPY,SELL,2026-08-31 05:11:01,TARGET,2.0
2483,EUR/GBP,BUY,2026-09-03 05:09:45,TARGET,1.0
2484,EUR/USD,SELL,2026-08-31 05:11:01,TARGET,1.0
2485,USD/CAD,BUY,2026-08-30 18:10:51,UNRESOLVED,
2486,CHF/JPY,SELL,2026-08-31 05:11:01,TARGET,2.0
2488,AUD/USD,SELL,2026-09-03 05:09:45,UNRESOLVED,
2489,EUR/CAD,BUY,2026-08-31 05:11:02,STOP,2.0
2491,GBP/NZD,BUY,2026-08-31 05:11:02,TARGET,2.0
2492,GBP/USD,SELL,2026-08-31 05:11:02,TARGET,1.0
2493,NZD/CAD,SELL,2026-08-31 05:11:02,TARGET,1.0
2494,GBP/CAD,BUY,2026-08-31 05:11:02,STOP,1.0
2495,EUR/CHF,SELL,2026-08-30 18:10:51,STOP,2.0
2496,CAD/JPY,BUY,2026-08-31 05:11:02,STOP,2.0
2497,GBP/CAD,SELL,2026-08-31 05:11:02,TARGET,1.0
2498,NZD/USD,SELL,2026-08-31 05:11:02,TARGET,1.0
2499,CAD/CHF,SELL,2026-08-31 05:11:02,STOP,1.0
2502,EUR/CHF,SELL,2026-08-30 18:10:52,STOP,2.0
2504,CAD/CHF,BUY,2026-09-01 03:31:05,TARGET,1.0
2509,CAD/JPY,BUY,2026-09-01 03:31:05,STOP,1.0
2510,GBP/CHF,SELL,2026-08-30 18:10:52,UNRESOLVED,
2511,USD/CHF,BUY,2026-08-30 18:10:52,TARGET,1.0
2512,NZD/CHF,SELL,2026-09-01 03:31:05,TARGET,1.0
2514,USD/JPY,SELL,2026-09-01 03:31:05,TARGET,2.0
2517,EUR/USD,SELL,2026-09-01 03:31:05,TARGET,1.0
2519,USD/CAD,BUY,2026-08-30 18:10:53,TARGET,3.0
2520,CHF/JPY,SELL,2026-09-01 03:31:05,TARGET,1.0
2523,EUR/CAD,SELL,2026-09-01 03:31:06,TARGET,1.0
2525,GBP/NZD,BUY,2026-09-01 03:31:06,TARGET,1.0
2526,EUR/NZD,BUY,2026-09-01 03:31:06,TARGET,1.0
2528,CAD/JPY,SELL,2026-09-01 03:31:06,TARGET,1.0
2531,GBP/NZD,SELL,2026-09-01 03:31:06,STOP,1.0
2532,NZD/USD,SELL,2026-09-01 03:31:06,TARGET,1.0
2533,GBP/USD,SELL,2026-09-01 03:31:06,TARGET,1.0
2534,EUR/CHF,BUY,2026-08-30 18:10:53,TARGET,1.0
2535,GBP/CHF,BUY,2026-08-30 18:10:53,TARGET,2.0
2536,USD/JPY,BUY,2026-09-01 03:31:07,TARGET,1.0
2546,GBP/CHF,BUY,2026-09-02 05:10:52,UNRESOLVED,
2547,NZD/CHF,SELL,2026-09-02 05:10:52,TARGET,1.0
2555,USD/CAD,BUY,2026-09-02 05:10:53,UNRESOLVED,
2560,GBP/AUD,SELL,2026-09-02 05:10:53,TARGET,1.0
2566,GBP/CHF,SELL,2026-09-02 05:10:54,UNRESOLVED,
2581,EUR/AUD,BUY,2026-09-03 05:09:47,STOP,1.0
