id,timestamp,pair,direction,confidence,technical,fundamental,sentiment,positioning,macro,entry,target,stop_loss,reward_risk,trade_this,data_sources,status,exit_price,r_multiple,pips,closed_at,notes,report_file,key_thesis,best_entry_time
25,2026-06-02 22:25:32,EUR/USD,SELL,5,5,4,4,4,5,1.165,1.158,1.1685,2.0,NO,5,NO_TRADE,,,,,,0025_EURUSD.txt,,
26,2026-06-02 22:25:46,GBP/USD,BUY,5,5,5,4,4,5,1.344,1.3533,1.338,1.55,NO,5,NO_TRADE,,,,,,0026_GBPUSD.txt,,
27,2026-06-02 22:26:00,USD/JPY,SELL,6,5,5,5,7,6,159.75,157.9,160.5,2.47,NO,5,NO_TRADE,,,,,,0027_USDJPY.txt,,
28,2026-06-02 22:26:19,AUD/USD,BUY,5,5,7,5,3,6,0.7155,0.7264,0.71,2.0,NO,5,NO_TRADE,,,,,,0028_AUDUSD.txt,,
29,2026-06-02 22:26:38,USD/CAD,BUY,6,6,7,6,5,5,1.381,1.394,1.3745,2.0,NO,5,NO_TRADE,,,,,,0029_USDCAD.txt,,
30,2026-06-02 22:26:53,NZD/USD,BUY,5,5,4,4,1,5,0.593,0.5994,0.5896,1.9,NO,5,NO_TRADE,,,,,,0030_NZDUSD.txt,,
31,2026-06-02 22:27:09,USD/CHF,BUY,5,6,7,5,5,5,0.784,0.79078,0.78089,2.2,NO,5,NO_TRADE,,,,,,0031_USDCHF.txt,,
32,2026-06-02 22:27:22,EUR/GBP,SELL,6,7,6,4,5,5,0.8648,0.86081,0.867,1.8,NO,5,NO_TRADE,,,,,,0032_EURGBP.txt,,
33,2026-06-02 22:27:35,EUR/JPY,SELL,5,5,5,4,6,5,,,,,NO,5,NO_TRADE,,,,,,0033_EURJPY.txt,,
34,2026-06-02 22:27:50,GBP/JPY,SELL,6,5,5,4,6,5,215.25,213.9,216.1,1.6,NO,5,NO_TRADE,,,,,,0034_GBPJPY.txt,,
35,2026-06-02 22:28:03,EUR/CHF,BUY,5,4,6,4,5,5,0.9145,0.9215,0.911,2.0,NO,5,NO_TRADE,,,,,,0035_EURCHF.txt,,
36,2026-06-02 22:28:19,AUD/JPY,SELL,6,5,6,5,8,6,114.72,112.7,115.5,2.6,NO,5,NO_TRADE,,,,,,0036_AUDJPY.txt,,
37,2026-06-02 22:28:38,GBP/AUD,SELL,6,5,6,5,7,5,1.88,1.8539,1.8873,3.5,NO,5,NO_TRADE,,,,,,0037_GBPAUD.txt,,
38,2026-06-02 22:28:57,EUR/AUD,SELL,6,5,7,4,6,6,1.628,1.6126,1.6384,1.5,NO,5,NO_TRADE,,,,,,0038_EURAUD.txt,,
39,2026-06-02 22:29:13,CAD/JPY,SELL,5,4,4,4,5,4,,,,,NO,5,NO_TRADE,,,,,,0039_CADJPY.txt,,
40,2026-06-02 22:29:33,GBP/CAD,BUY,6,6,7,5,5,6,1.857,1.8687,1.85,1.67,NO,5,NO_TRADE,,,,,,0040_GBPCAD.txt,,
41,2026-06-02 22:29:48,AUD/NZD,BUY,5,5,7,4,3,5,1.2085,1.222,1.202,2.1,NO,5,NO_TRADE,,,,,,0041_AUDNZD.txt,,
42,2026-06-02 22:30:03,EUR/CAD,BUY,5,6,4,4,5,5,1.6095,1.621,1.604,2.1,NO,5,NO_TRADE,,,,,,0042_EURCAD.txt,,
43,2026-06-02 22:30:18,AUD/CAD,BUY,6,7,8,5,4,6,0.9895,0.9995,0.985,2.2,NO,5,NO_TRADE,,,,,,0043_AUDCAD.txt,,
44,2026-06-02 22:30:35,NZD/JPY,SELL,5,5,4,5,6,5,94.88,93.83,95.5,1.7,NO,5,NO_TRADE,,,,,,0044_NZDJPY.txt,,
45,2026-06-03 18:12:46,EUR/USD,,2,,,,,,,,,,NO,5,NO_TRADE,,,,,,0045_EURUSD.txt,,
46,2026-06-03 18:12:51,GBP/USD,,2,,,,,,,,,,NO,5,NO_TRADE,,,,,,0046_GBPUSD.txt,,
47,2026-06-04 08:25:42,EUR/USD,SELL,4,,5,3,3,4,,,,,NO,4,NO_TRADE,,,,,,0047_EURUSD.txt,"The interest rate differential of -1.62% structurally favours short EUR/USD (USD yields 3.62% vs ECB at 2.00%, both flat/stable). However, this is the only genuinely clean signal available. Technical analysis is completely unavailable (no price data), sentiment headlines are largely irrelevant to EUR/USD direction, COT shows EUR longs at only the 20th percentile of their one-year range suggesting specs are not stretched long, and USD COT data is stale and unusable. The macro backdrop is mixed: falling VIX and falling oil cut both ways, a strong dollar index (118.8) offers some corroboration for USD strength, but the 2s10s turning positive (0.41%) and rising 2Y yields with flat 10Y yields are ambiguous signals.",N/A — do not trade this setup
48,2026-06-04 08:25:55,GBP/USD,BUY,4,1,5,4,4,5,,,,,NO,4,NO_TRADE,,,,,,0048_GBPUSD.txt,"GBP holds a marginal positive carry advantage over USD (+0.11%), both central banks are on hold, and speculator positioning in GBP is net short at the 22nd percentile — not extreme but leaning toward a contrarian lean if conditions improved. However, the technical layer is entirely UNAVAILABLE, which alone disqualifies this setup under the 4-source rule.",NOT APPLICABLE
49,2026-06-04 08:26:21,USD/JPY,SELL,5,,5,4,7,5,160.0,155.5,161.5,2.9,NO,4,NO_TRADE,,,,,,0049_USDJPY.txt,"JPY speculator positioning is at a 1-year extreme short (0th percentile), creating crowded-short reversal risk. The BOJ is on a rising rate trend while the Fed is flat, compressing the rate differential over time. However, the 2.89% carry still favours long USD/JPY, and the Nikkei hitting record highs (68,000+) in a risk-on environment typically weakens the safe-haven JPY — these forces partially offset the bullish JPY case. With technicals entirely UNAVAILABLE, there is no confirmation of a reversal trigger.","Tokyo session open, Wednesday 04 June 2026, 09:00–11:00 NZT"
50,2026-06-04 08:26:38,EUR/GBP,SELL,5,,6,4,5,5,,,,,NO,4,NO_TRADE,,,,,,0050_EURGBP.txt,"The interest rate differential strongly favours GBP over EUR (-1.73% carry disadvantage for EUR), and the OECD forecasts BoE holding rates through 2026 while the ECB sits at 2.0% flat — this structural carry gap supports a bearish EUR/GBP bias. GBP speculators are net short at only the 22nd percentile of their one-year range, leaving room for short-covering that could lift GBP. However, without any technical data (chart structure, momentum indicators, price levels), a critical pillar of the analysis is entirely absent and no confident directional entry can be constructed.","N/A — do not enter this trade; if monitoring, London session open 6:00–8:00 PM NZT typically provides EUR/GBP liquidity"
51,2026-06-04 08:26:54,EUR/JPY,SELL,5,,5,4,6,5,,,,,NO,4,NO_TRADE,,,,,,0051_EURJPY.txt,"The BOJ is on a rising rate trajectory while the ECB holds flat at 2.0%, meaning the rate differential is compressing and the carry advantage of long EUR/JPY is eroding. JPY speculative short positioning is at its most extreme level in the past year (0th percentile), creating significant crowded-short reversal risk that would favour JPY strength (EUR/JPY downside). Risk-on equity conditions (Nikkei record highs, falling VIX, AI rally) currently support carry trades and counter any short EUR/JPY thesis, creating a meaningful conflict that suppresses conviction.",UNAVAILABLE — cannot define without technical levels
52,2026-06-04 08:27:11,GBP/JPY,SELL,5,,5,4,6,5,,,,,NO,4,NO_TRADE,,,,,,0052_GBPJPY.txt,"The JPY is at a 1-year extreme in net short positioning (0th percentile), creating meaningful reversal risk that marginally favours JPY strength and thus GBP/JPY downside. The BOJ rate trend is rising while the BOE is flat, slowly compressing the 3.00% carry differential over time. However, technical data is entirely UNAVAILABLE, which eliminates the most critical data source for any directional trade. Risk-on equity markets (Nikkei at record 68,000+, falling VIX at 15.77) and positive carry favouring long GBP/JPY actively work against a SELL thesis, creating a direct conflict that prevents high confidence.",N/A
53,2026-06-04 08:27:30,USD/CHF,BUY,5,1,7,4,5,5,,,,,NO,4,NO_TRADE,,,,,,0053_USDCHF.txt,"The fundamental case for long USD/CHF is supported by a substantial +3.66% carry differential favouring USD, with the SNB rate in negative territory (-0.04%) and on a falling trend while the Fed holds flat at 3.62%. CHF speculators are net short on COT data, consistent with a long USD/CHF bias. However, the technical layer is entirely UNAVAILABLE, removing the most critical confirmation source, and sentiment headlines are broadly risk-negative (Middle East war, oil shock, de-dollarisation concerns) which historically boosts CHF as a safe haven and directly undermines the long USD/CHF thesis.",UNAVAILABLE — do not enter without technical confirmation
54,2026-06-04 08:27:46,AUD/USD,SELL,5,,6,4,6,5,,,,,NO,4,NO_TRADE,,,,,,0054_AUDUSD.txt,"The AUD faces near-term headwinds from a significantly weaker-than-expected Q1 GDP print (0.3% QoQ, missing estimates), with multiple headlines confirming the economic deceleration. The positive carry differential (+0.72% favoring AUD) is a counterweight, but speculator positioning is at the 86th percentile of a 1-year range — a crowded long that historically signals mean-reversion risk to the downside. The macro backdrop (Middle East war risk, falling oil trend, rising US 2Y yields) adds modest USD support.",N/A
55,2026-06-04 08:28:08,USD/CAD,BUY,5,,7,6,4,5,,,,,NO,4,NO_TRADE,,,,,,0055_USDCAD.txt,"The fundamental case for long USD/CAD has genuine support: the Fed holds at 3.62% while the Bank of Canada is on a falling rate path at 2.27%, producing a +1.35% carry advantage for USD. Canada has tipped into a technical recession (confirmed by Carney's own admission), and CAD headlines are dominated by economic weakness narratives. However, the technical layer is entirely UNAVAILABLE, and without price action confirmation, no high-probability entry can be identified. The macro picture is mixed — falling oil prices (WTI at $95.96, trend falling) would normally weaken CAD and support USD/CAD, but a flat US dollar index and a risk-on environment (VIX at 15.77 and falling) temper the urgency.","N/A — do not enter without technical confirmation; if data becomes available, the London/New York overlap (1:00–3:00 AM NZT) typically offers the tightest spreads and most liquidity for USD/CAD"
56,2026-06-04 08:28:24,NZD/USD,SELL,4,1,6,4,1,5,,,,,NO,4,NO_TRADE,,,,,,0056_NZDUSD.txt,"The interest rate differential of -1.06% favours short NZD/USD, with RBNZ in a falling rate cycle versus a flat Fed, which structurally pressures the Kiwi. However, this is the only truly clean signal available. Technical data is entirely absent, COT positioning data is over 4 years stale and worthless, and sentiment is mixed with the USD showing its own vulnerabilities via US-Iran geopolitical headlines. The macro picture is ambiguous — falling VIX is modestly risk-on (NZD-positive), a strong USD index (118.88) could still cap NZD gains, and the Middle East conflict adds uncertainty to oil and global growth.",UNAVAILABLE — do not enter without price data
57,2026-06-04 08:28:41,AUD/JPY,SELL,5,,5,4,7,5,,,,,NO,4,NO_TRADE,,,,,,0057_AUDJPY.txt,"COT positioning is the strongest signal here — AUD speculators are at the 86th percentile long (crowded, reversal risk) while JPY shorts are at a 1-year extreme low (maximum crowded short, classic squeeze setup). This dual positioning extreme historically favours AUD/JPY selling pressure as both unwinds would push the pair lower. However, with technical data entirely unavailable, carry fundamentals favouring long AUD (3.61% differential), and a risk-on macro backdrop (VIX falling, Nikkei at record highs, AI rally), multiple layers actively conflict with the sell thesis — confidence cannot reach the required threshold.",N/A — do not trade this setup
58,2026-06-04 08:29:01,CHF/JPY,SELL,5,,6,4,5,5,,,,,NO,4,NO_TRADE,,,,,,0058_CHFJPY.txt,"The fundamental backdrop mildly favours JPY strength — SNB rates are near zero and falling while BOJ rates are rising, producing a negative carry differential of -0.77% for long CHF/JPY. JPY speculator positioning is at a one-year extreme short (0th percentile), creating meaningful reversal risk that could support JPY. However, technical data is entirely UNAVAILABLE, removing the most critical layer of evidence and preventing any high-confidence directional call. Risk-on environment (Nikkei at record highs, VIX at 15.77 and falling) is a headwind for safe-haven CHF but also dampens JPY upside through the traditional risk-off channel.",N/A — insufficient data to identify optimal entry window (NZT)
59,2026-06-04 08:29:20,EUR/CHF,BUY,5,1,7,4,6,5,,,,,NO,4,NO_TRADE,,,,,,0059_EURCHF.txt,"The fundamental case for long EUR/CHF is the strongest available signal: a +2.04% carry differential favouring EUR, ECB rate at 2.0% vs SNB effectively at zero (-0.04%) with the CHF rate trend still falling. COT data shows large speculators are net long EUR and net short CHF, which directionally aligns with a long EUR/CHF position, though neither positioning read is at an extreme. However, the technical layer is completely unavailable due to a data feed failure, meaning price action, trend, momentum indicators, and key levels cannot be assessed at all — this is a critical gap that makes a trade recommendation impossible under the four-source minimum rule.","UNAVAILABLE — do not enter without technical confirmation; if data is restored, European session open (6:00–8:00 PM NZT) offers tightest EUR/CHF spreads"
60,2026-06-04 08:29:36,EUR/AUD,SELL,6,,7,5,7,6,,,,,NO,4,NO_TRADE,,,,,,0060_EURAUD.txt,"The interest rate differential of -2.34% strongly favours AUD (RBA at 4.34% vs ECB at 2.0%, with RBA trend rising and ECB flat), creating a structural carry headwind for EUR/AUD longs. AUD speculator positioning is crowded long at the 86th percentile of its one-year range, which is a contrarian warning for AUD bulls — but paradoxically this supports EUR/AUD sellers only if the crowded AUD long unwinds, which is not yet confirmed. Australia GDP data came in slightly below expectations, introducing near-term AUD softness that complicates the fundamental picture. Overall, the fundamental case for selling EUR/AUD exists, but the technical layer is entirely absent and the setup cannot clear the 4-source threshold required.",N/A — do not enter without technical confirmation
61,2026-06-04 08:29:53,EUR/CAD,BUY,5,,6,5,5,5,1.548,1.568,1.537,1.8,NO,4,NO_TRADE,,,,,,0061_EURCAD.txt,"Canada has entered a technical recession per PM Carney's own admission, with GDP data already confirming the dip. The Bank of Canada's rate trend is falling (2.272% vs ECB's flat 2.0%), meaning the rate differential is narrowing in EUR's favour over time. Large speculators are net short CAD at mid-range levels (not extreme), and there is no contrarian squeeze pressure to reverse that positioning. However, technical data is completely unavailable, meaning one of the most critical layers cannot be assessed at all. Without price action confirmation, this analysis is structurally incomplete.","London open, Wednesday 04 June 2026, 18:00–19:00 NZT"
62,2026-06-04 09:19:55,EUR/USD,,1,,,,,,,,,,NO,4,NO_TRADE,,,,,,0062_EURUSD.txt,,
63,2026-06-04 09:19:57,GBP/USD,,1,,,,,,,,,,NO,4,NO_TRADE,,,,,,0063_GBPUSD.txt,,
64,2026-06-04 09:19:59,USD/JPY,,2,,,,,,,,,,NO,4,NO_TRADE,,,,,,0064_USDJPY.txt,,
65,2026-06-04 09:20:01,EUR/GBP,,1,,,,,,,,,,NO,4,NO_TRADE,,,,,,0065_EURGBP.txt,,
66,2026-06-04 09:20:04,USD/CHF,,2,,,,,,,,,,NO,4,NO_TRADE,,,,,,0066_USDCHF.txt,,
67,2026-06-04 09:20:07,AUD/USD,,2,,,,,,,,,,NO,4,NO_TRADE,,,,,,0067_AUDUSD.txt,,
68,2026-06-04 09:20:10,USD/CAD,,2,,,,,,,,,,NO,4,NO_TRADE,,,,,,0068_USDCAD.txt,,
69,2026-06-04 09:20:12,EUR/JPY,,1,,,,,,,,,,NO,4,NO_TRADE,,,,,,0069_EURJPY.txt,,
70,2026-06-04 09:20:13,GBP/JPY,,2,,,,,,,,,,NO,4,NO_TRADE,,,,,,0070_GBPJPY.txt,,
71,2026-06-04 09:20:16,NZD/USD,,1,,,,,,,,,,NO,4,NO_TRADE,,,,,,0071_NZDUSD.txt,,
72,2026-06-04 09:20:18,EUR/CHF,,1,,,,,,,,,,NO,4,NO_TRADE,,,,,,0072_EURCHF.txt,,
73,2026-06-04 09:20:19,EUR/AUD,,1,,,,,,,,,,NO,4,NO_TRADE,,,,,,0073_EURAUD.txt,,
74,2026-06-04 09:20:21,EUR/CAD,,1,,,,,,,,,,NO,4,NO_TRADE,,,,,,0074_EURCAD.txt,,
75,2026-06-04 09:20:22,AUD/JPY,,1,,,,,,,,,,NO,4,NO_TRADE,,,,,,0075_AUDJPY.txt,,
76,2026-06-04 09:20:24,CHF/JPY,,1,,,,,,,,,,NO,4,NO_TRADE,,,,,,0076_CHFJPY.txt,,
77,2026-06-04 09:20:26,GBP/AUD,,1,,,,,,,,,,NO,4,NO_TRADE,,,,,,0077_GBPAUD.txt,,
78,2026-06-04 09:20:27,GBP/CAD,,2,,,,,,,,,,NO,4,NO_TRADE,,,,,,0078_GBPCAD.txt,,
79,2026-06-04 09:20:28,GBP/CHF,,1,,,,,,,,,,NO,4,NO_TRADE,,,,,,0079_GBPCHF.txt,,
80,2026-06-04 09:20:30,CAD/JPY,,2,,,,,,,,,,NO,4,NO_TRADE,,,,,,0080_CADJPY.txt,,
81,2026-06-04 09:20:36,AUD/CHF,,2,,,,,,,,,,NO,4,NO_TRADE,,,,,,0081_AUDCHF.txt,,
82,2026-06-04 09:20:37,GBP/NZD,,1,,,,,,,,,,NO,4,NO_TRADE,,,,,,0082_GBPNZD.txt,,
83,2026-06-04 09:20:38,NZD/CHF,,1,,,,,,,,,,NO,4,NO_TRADE,,,,,,0083_NZDCHF.txt,,
84,2026-06-04 09:20:40,AUD/CAD,,2,,,,,,,,,,NO,4,NO_TRADE,,,,,,0084_AUDCAD.txt,,
85,2026-06-04 09:20:41,AUD/NZD,,2,,,,,,,,,,NO,4,NO_TRADE,,,,,,0085_AUDNZD.txt,,
86,2026-06-04 09:20:43,NZD/CAD,,1,,,,,,,,,,NO,4,NO_TRADE,,,,,,0086_NZDCAD.txt,,
87,2026-06-04 09:20:44,NZD/JPY,,2,,,,,,,,,,NO,4,NO_TRADE,,,,,,0087_NZDJPY.txt,,
88,2026-06-04 09:20:45,CHF/EUR,,1,,,,,,,,,,NO,4,NO_TRADE,,,,,,0088_CHFEUR.txt,,
89,2026-06-04 09:20:47,CHF/GBP,,1,,,,,,,,,,NO,4,NO_TRADE,,,,,,0089_CHFGBP.txt,,
90,2026-06-04 09:20:48,GBP/EUR,,1,,,,,,,,,,NO,4,NO_TRADE,,,,,,0090_GBPEUR.txt,,
91,2026-06-04 09:20:50,AUD/EUR,,2,,,,,,,,,,NO,4,NO_TRADE,,,,,,0091_AUDEUR.txt,,
92,2026-06-04 09:20:51,AUD/GBP,,2,,,,,,,,,,NO,4,NO_TRADE,,,,,,0092_AUDGBP.txt,,
93,2026-06-04 09:20:56,CAD/CHF,,1,,,,,,,,,,NO,4,NO_TRADE,,,,,,0093_CADCHF.txt,,
94,2026-06-04 09:20:58,CAD/EUR,,1,,,,,,,,,,NO,4,NO_TRADE,,,,,,0094_CADEUR.txt,,
95,2026-06-04 09:20:59,CAD/GBP,,1,,,,,,,,,,NO,4,NO_TRADE,,,,,,0095_CADGBP.txt,,
96,2026-06-04 09:21:01,CHF/AUD,,1,,,,,,,,,,NO,4,NO_TRADE,,,,,,0096_CHFAUD.txt,,
97,2026-06-04 09:21:02,CHF/CAD,,1,,,,,,,,,,NO,4,NO_TRADE,,,,,,0097_CHFCAD.txt,,
98,2026-06-04 09:21:04,CHF/NZD,,1,,,,,,,,,,NO,4,NO_TRADE,,,,,,0098_CHFNZD.txt,,
99,2026-06-04 09:21:06,CHF/USD,,1,,,,,,,,,,NO,4,NO_TRADE,,,,,,0099_CHFUSD.txt,,
100,2026-06-04 09:21:07,EUR/NZD,,1,,,,,,,,,,NO,4,NO_TRADE,,,,,,0100_EURNZD.txt,,
101,2026-06-04 09:21:09,JPY/CHF,,2,,,,,,,,,,NO,4,NO_TRADE,,,,,,0101_JPYCHF.txt,,
102,2026-06-04 09:21:10,JPY/EUR,,1,,,,,,,,,,NO,4,NO_TRADE,,,,,,0102_JPYEUR.txt,,
103,2026-06-04 09:21:11,JPY/GBP,,1,,,,,,,,,,NO,4,NO_TRADE,,,,,,0103_JPYGBP.txt,,
104,2026-06-04 09:21:13,NZD/EUR,,1,,,,,,,,,,NO,4,NO_TRADE,,,,,,0104_NZDEUR.txt,,
105,2026-06-04 09:21:14,NZD/GBP,,1,,,,,,,,,,NO,4,NO_TRADE,,,,,,0105_NZDGBP.txt,,
106,2026-06-04 09:21:15,USD/EUR,,1,,,,,,,,,,NO,4,NO_TRADE,,,,,,0106_USDEUR.txt,,
107,2026-06-04 09:21:16,USD/GBP,,1,,,,,,,,,,NO,4,NO_TRADE,,,,,,0107_USDGBP.txt,,
108,2026-06-04 09:21:17,CHF/CZK,,1,,,,,,,,,,NO,3,NO_TRADE,,,,,,0108_CHFCZK.txt,,
109,2026-06-04 09:21:23,CHF/DKK,,1,,,,,,,,,,NO,3,NO_TRADE,,,,,,0109_CHFDKK.txt,,
110,2026-06-04 09:21:27,CHF/HUF,,1,,,,,,,,,,NO,3,NO_TRADE,,,,,,0110_CHFHUF.txt,,
111,2026-06-04 09:21:28,CHF/NOK,,1,,,,,,,,,,NO,3,NO_TRADE,,,,,,0111_CHFNOK.txt,,
112,2026-06-04 09:21:29,CHF/PLN,,1,,,,,,,,,,NO,3,NO_TRADE,,,,,,0112_CHFPLN.txt,,
113,2026-06-04 09:21:30,CHF/SEK,,1,,,,,,,,,,NO,3,NO_TRADE,,,,,,0113_CHFSEK.txt,,
114,2026-06-04 09:21:32,CHF/TRY,,1,,,,,,,,,,NO,3,NO_TRADE,,,,,,0114_CHFTRY.txt,,
115,2026-06-04 09:21:33,CHF/ZAR,,1,,,,,,,,,,NO,3,NO_TRADE,,,,,,0115_CHFZAR.txt,,
116,2026-06-04 09:21:34,CZK/HUF,,1,,,,,,,,,,NO,3,NO_TRADE,,,,,,0116_CZKHUF.txt,,
117,2026-06-04 09:21:35,CZK/PLN,,1,,,,,,,,,,NO,3,NO_TRADE,,,,,,0117_CZKPLN.txt,,
118,2026-06-04 09:21:36,DKK/CHF,,1,,,,,,,,,,NO,3,NO_TRADE,,,,,,0118_DKKCHF.txt,,
119,2026-06-04 09:21:37,DKK/CZK,,1,,,,,,,,,,NO,3,NO_TRADE,,,,,,0119_DKKCZK.txt,,
120,2026-06-04 09:21:38,DKK/EUR,,1,,,,,,,,,,NO,3,NO_TRADE,,,,,,0120_DKKEUR.txt,,
121,2026-06-04 09:21:40,DKK/GBP,,1,,,,,,,,,,NO,3,NO_TRADE,,,,,,0121_DKKGBP.txt,,
122,2026-06-04 09:21:41,DKK/HUF,,1,,,,,,,,,,NO,3,NO_TRADE,,,,,,0122_DKKHUF.txt,,
123,2026-06-04 09:21:42,DKK/NOK,,1,,,,,,,,,,NO,3,NO_TRADE,,,,,,0123_DKKNOK.txt,,
124,2026-06-04 09:21:43,DKK/PLN,,1,,,,,,,,,,NO,3,NO_TRADE,,,,,,0124_DKKPLN.txt,,
125,2026-06-04 09:21:45,DKK/SEK,,1,,,,,,,,,,NO,3,NO_TRADE,,,,,,0125_DKKSEK.txt,,
126,2026-06-04 09:21:46,DKK/ZAR,,1,,,,,,,,,,NO,3,NO_TRADE,,,,,,0126_DKKZAR.txt,,
127,2026-06-04 09:21:47,EUR/CZK,,1,,,,,,,,,,NO,3,NO_TRADE,,,,,,0127_EURCZK.txt,,
128,2026-06-04 09:21:48,EUR/DKK,,1,,,,,,,,,,NO,3,NO_TRADE,,,,,,0128_EURDKK.txt,,
129,2026-06-04 09:21:49,EUR/HUF,,1,,,,,,,,,,NO,3,NO_TRADE,,,,,,0129_EURHUF.txt,,
130,2026-06-04 09:21:50,EUR/NOK,,1,,,,,,,,,,NO,3,NO_TRADE,,,,,,0130_EURNOK.txt,,
131,2026-06-04 09:21:52,EUR/PLN,,1,,,,,,,,,,NO,3,NO_TRADE,,,,,,0131_EURPLN.txt,,
132,2026-06-04 09:21:53,EUR/SEK,,1,,,,,,,,,,NO,3,NO_TRADE,,,,,,0132_EURSEK.txt,,
133,2026-06-04 09:21:54,EUR/TRY,,1,,,,,,,,,,NO,3,NO_TRADE,,,,,,0133_EURTRY.txt,,
134,2026-06-04 09:21:55,EUR/ZAR,,1,,,,,,,,,,NO,3,NO_TRADE,,,,,,0134_EURZAR.txt,,
135,2026-06-04 09:21:56,GBP/CZK,,1,,,,,,,,,,NO,3,NO_TRADE,,,,,,0135_GBPCZK.txt,,
136,2026-06-04 09:21:57,GBP/DKK,,1,,,,,,,,,,NO,3,NO_TRADE,,,,,,0136_GBPDKK.txt,,
137,2026-06-04 21:24:44,AUD/USD,,2,,,,,,,,,,NO,4,NO_TRADE,,,,,,0137_AUDUSD.txt,,
138,2026-06-04 21:24:47,EUR/USD,,1,,,,,,,,,,NO,4,NO_TRADE,,,,,,0138_EURUSD.txt,,
139,2026-06-04 21:24:50,GBP/USD,,1,,,,,,,,,,NO,4,NO_TRADE,,,,,,0139_GBPUSD.txt,,
140,2026-06-04 21:24:53,USD/JPY,,2,,,,,,,,,,NO,4,NO_TRADE,,,,,,0140_USDJPY.txt,,
141,2026-06-04 21:24:55,NZD/USD,,1,,,,,,,,,,NO,4,NO_TRADE,,,,,,0141_NZDUSD.txt,,
142,2026-06-04 21:24:58,USD/CAD,,2,,,,,,,,,,NO,4,NO_TRADE,,,,,,0142_USDCAD.txt,,
143,2026-06-04 21:25:00,USD/CHF,,1,,,,,,,,,,NO,4,NO_TRADE,,,,,,0143_USDCHF.txt,,
144,2026-06-04 21:25:01,AUD/JPY,,1,,,,,,,,,,NO,4,NO_TRADE,,,,,,0144_AUDJPY.txt,,
145,2026-06-04 21:25:03,EUR/GBP,,1,,,,,,,,,,NO,4,NO_TRADE,,,,,,0145_EURGBP.txt,,
146,2026-06-04 21:25:05,EUR/JPY,,2,,,,,,,,,,NO,4,NO_TRADE,,,,,,0146_EURJPY.txt,,
147,2026-06-04 21:25:06,GBP/JPY,,2,,,,,,,,,,NO,4,NO_TRADE,,,,,,0147_GBPJPY.txt,,
148,2026-06-04 21:25:08,EUR/AUD,,1,,,,,,,,,,NO,4,NO_TRADE,,,,,,0148_EURAUD.txt,,
149,2026-06-04 21:25:09,AUD/NZD,,2,,,,,,,,,,NO,4,NO_TRADE,,,,,,0149_AUDNZD.txt,,
150,2026-06-04 21:25:11,GBP/AUD,,1,,,,,,,,,,NO,4,NO_TRADE,,,,,,0150_GBPAUD.txt,,
151,2026-06-04 21:25:13,EUR/CAD,,1,,,,,,,,,,NO,4,NO_TRADE,,,,,,0151_EURCAD.txt,,
152,2026-06-04 21:25:14,AUD/CAD,,2,,,,,,,,,,NO,4,NO_TRADE,,,,,,0152_AUDCAD.txt,,
153,2026-06-04 21:25:16,CAD/JPY,,2,,,,,,,,,,NO,4,NO_TRADE,,,,,,0153_CADJPY.txt,,
154,2026-06-04 21:25:20,CHF/JPY,,1,,,,,,,,,,NO,4,NO_TRADE,,,,,,0154_CHFJPY.txt,,
155,2026-06-04 21:25:22,EUR/CHF,,1,,,,,,,,,,NO,4,NO_TRADE,,,,,,0155_EURCHF.txt,,
156,2026-06-04 21:25:23,GBP/CAD,,1,,,,,,,,,,NO,4,NO_TRADE,,,,,,0156_GBPCAD.txt,,
157,2026-06-04 21:25:25,AUD/CHF,,2,,,,,,,,,,NO,4,NO_TRADE,,,,,,0157_AUDCHF.txt,,
158,2026-06-04 21:25:27,GBP/NZD,,1,,,,,,,,,,NO,4,NO_TRADE,,,,,,0158_GBPNZD.txt,,
159,2026-06-04 21:25:28,NZD/CAD,,1,,,,,,,,,,NO,4,NO_TRADE,,,,,,0159_NZDCAD.txt,,
160,2026-06-04 21:25:30,NZD/CHF,,1,,,,,,,,,,NO,4,NO_TRADE,,,,,,0160_NZDCHF.txt,,
161,2026-06-04 21:25:31,NZD/JPY,,2,,,,,,,,,,NO,4,NO_TRADE,,,,,,0161_NZDJPY.txt,,
162,2026-06-04 21:25:33,GBP/CHF,,1,,,,,,,,,,NO,4,NO_TRADE,,,,,,0162_GBPCHF.txt,,
163,2026-06-04 21:25:34,NZD/AUD,,1,,,,,,,,,,NO,4,NO_TRADE,,,,,,0163_NZDAUD.txt,,
164,2026-06-04 21:25:36,AUD/EUR,,1,,,,,,,,,,NO,4,NO_TRADE,,,,,,0164_AUDEUR.txt,,
165,2026-06-04 21:25:38,AUD/GBP,,2,,,,,,,,,,NO,4,NO_TRADE,,,,,,0165_AUDGBP.txt,,
166,2026-06-04 21:25:39,CAD/AUD,,1,,,,,,,,,,NO,4,NO_TRADE,,,,,,0166_CADAUD.txt,,
167,2026-06-04 21:25:41,CAD/NZD,,1,,,,,,,,,,NO,4,NO_TRADE,,,,,,0167_CADNZD.txt,,
168,2026-06-04 21:25:42,CHF/AUD,,1,,,,,,,,,,NO,4,NO_TRADE,,,,,,0168_CHFAUD.txt,,
169,2026-06-04 21:25:44,CHF/NZD,,1,,,,,,,,,,NO,4,NO_TRADE,,,,,,0169_CHFNZD.txt,,
170,2026-06-04 21:25:45,EUR/NZD,,1,,,,,,,,,,NO,4,NO_TRADE,,,,,,0170_EURNZD.txt,,
171,2026-06-04 21:25:47,JPY/AUD,,1,,,,,,,,,,NO,4,NO_TRADE,,,,,,0171_JPYAUD.txt,,
172,2026-06-04 21:25:48,JPY/NZD,,2,,,,,,,,,,NO,4,NO_TRADE,,,,,,0172_JPYNZD.txt,,
173,2026-06-04 21:25:50,NZD/EUR,,1,,,,,,,,,,NO,4,NO_TRADE,,,,,,0173_NZDEUR.txt,,
174,2026-06-04 21:25:52,NZD/GBP,,1,,,,,,,,,,NO,4,NO_TRADE,,,,,,0174_NZDGBP.txt,,
175,2026-06-04 21:25:53,USD/AUD,,1,,,,,,,,,,NO,4,NO_TRADE,,,,,,0175_USDAUD.txt,,
176,2026-06-04 21:25:55,USD/NZD,,2,,,,,,,,,,NO,4,NO_TRADE,,,,,,0176_USDNZD.txt,,
177,2026-06-04 21:25:56,CAD/CHF,,1,,,,,,,,,,NO,4,NO_TRADE,,,,,,0177_CADCHF.txt,,
178,2026-06-04 21:25:59,CAD/EUR,,1,,,,,,,,,,NO,4,NO_TRADE,,,,,,0178_CADEUR.txt,,
179,2026-06-04 21:26:00,CAD/GBP,,1,,,,,,,,,,NO,4,NO_TRADE,,,,,,0179_CADGBP.txt,,
180,2026-06-04 21:26:02,CAD/USD,,1,,,,,,,,,,NO,4,NO_TRADE,,,,,,0180_CADUSD.txt,,
181,2026-06-04 21:26:03,CHF/CAD,,1,,,,,,,,,,NO,4,NO_TRADE,,,,,,0181_CHFCAD.txt,,
182,2026-06-04 21:26:05,CHF/EUR,,1,,,,,,,,,,NO,4,NO_TRADE,,,,,,0182_CHFEUR.txt,,
183,2026-06-04 21:26:06,CHF/GBP,,1,,,,,,,,,,NO,4,NO_TRADE,,,,,,0183_CHFGBP.txt,,
184,2026-06-04 21:26:08,CHF/USD,,1,,,,,,,,,,NO,4,NO_TRADE,,,,,,0184_CHFUSD.txt,,
185,2026-06-04 21:26:09,GBP/EUR,,1,,,,,,,,,,NO,4,NO_TRADE,,,,,,0185_GBPEUR.txt,,
186,2026-06-04 21:26:11,JPY/CAD,,1,,,,,,,,,,NO,4,NO_TRADE,,,,,,0186_JPYCAD.txt,,
187,2026-06-04 21:26:13,JPY/CHF,,2,,,,,,,,,,NO,4,NO_TRADE,,,,,,0187_JPYCHF.txt,,
188,2026-06-04 21:26:14,JPY/EUR,,1,,,,,,,,,,NO,4,NO_TRADE,,,,,,0188_JPYEUR.txt,,
189,2026-06-04 21:26:16,JPY/GBP,,1,,,,,,,,,,NO,4,NO_TRADE,,,,,,0189_JPYGBP.txt,,
190,2026-06-04 21:26:17,JPY/USD,,1,,,,,,,,,,NO,4,NO_TRADE,,,,,,0190_JPYUSD.txt,,
191,2026-06-04 21:26:19,USD/EUR,,1,,,,,,,,,,NO,4,NO_TRADE,,,,,,0191_USDEUR.txt,,
192,2026-06-04 21:26:21,USD/GBP,,1,,,,,,,,,,NO,4,NO_TRADE,,,,,,0192_USDGBP.txt,,
193,2026-06-04 21:26:22,AED/AUD,,1,,,,,,,,,,NO,3,NO_TRADE,,,,,,0193_AEDAUD.txt,,
194,2026-06-04 21:26:23,AED/NZD,,1,,,,,,,,,,NO,3,NO_TRADE,,,,,,0194_AEDNZD.txt,,
195,2026-06-04 21:26:25,ARS/NZD,,1,,,,,,,,,,NO,3,NO_TRADE,,,,,,0195_ARSNZD.txt,,
196,2026-06-04 21:26:26,AUD/AED,,1,,,,,,,,,,NO,3,NO_TRADE,,,,,,0196_AUDAED.txt,,
197,2026-06-04 21:26:27,AUD/ARS,,1,,,,,,,,,,NO,3,NO_TRADE,,,,,,0197_AUDARS.txt,,
198,2026-06-04 21:26:29,AUD/BBD,,1,,,,,,,,,,NO,3,NO_TRADE,,,,,,0198_AUDBBD.txt,,
199,2026-06-04 21:26:30,AUD/BHD,,1,,,,,,,,,,NO,3,NO_TRADE,,,,,,0199_AUDBHD.txt,,
200,2026-06-04 21:26:31,AUD/BRL,,1,,,,,,,,,,NO,3,NO_TRADE,,,,,,0200_AUDBRL.txt,,
201,2026-06-04 21:26:33,AUD/BYN,,1,,,,,,,,,,NO,3,NO_TRADE,,,,,,0201_AUDBYN.txt,,
202,2026-06-04 21:26:34,AUD/CLP,,1,,,,,,,,,,NO,3,NO_TRADE,,,,,,0202_AUDCLP.txt,,
203,2026-06-04 21:26:36,AUD/CNY,,1,,,,,,,,,,NO,3,NO_TRADE,,,,,,0203_AUDCNY.txt,,
204,2026-06-04 21:26:37,AUD/CZK,,1,,,,,,,,,,NO,3,NO_TRADE,,,,,,0204_AUDCZK.txt,,
205,2026-06-04 21:26:38,AUD/DKK,,1,,,,,,,,,,NO,3,NO_TRADE,,,,,,0205_AUDDKK.txt,,
206,2026-06-04 21:26:40,AUD/EGP,,1,,,,,,,,,,NO,3,NO_TRADE,,,,,,0206_AUDEGP.txt,,
207,2026-06-04 21:26:41,AUD/FJD,,1,,,,,,,,,,NO,3,NO_TRADE,,,,,,0207_AUDFJD.txt,,
208,2026-06-04 21:26:45,AUD/HKD,,1,,,,,,,,,,NO,3,NO_TRADE,,,,,,0208_AUDHKD.txt,,
209,2026-06-04 21:26:46,AUD/HUF,,1,,,,,,,,,,NO,3,NO_TRADE,,,,,,0209_AUDHUF.txt,,
210,2026-06-04 21:26:47,AUD/IDR,,1,,,,,,,,,,NO,3,NO_TRADE,,,,,,0210_AUDIDR.txt,,
211,2026-06-04 21:26:49,AUD/ILS,,1,,,,,,,,,,NO,3,NO_TRADE,,,,,,0211_AUDILS.txt,,
212,2026-06-05 04:18:32,USD/JPY,,2,,,,,,,,,,NO,4,NO_TRADE,,,,,,0212_USDJPY.txt,,
213,2026-06-05 04:18:34,AUD/USD,,1,,,,,,,,,,NO,4,NO_TRADE,,,,,,0213_AUDUSD.txt,,
214,2026-06-05 04:18:35,EUR/USD,,1,,,,,,,,,,NO,4,NO_TRADE,,,,,,0214_EURUSD.txt,,
215,2026-06-05 04:18:37,GBP/USD,,1,,,,,,,,,,NO,4,NO_TRADE,,,,,,0215_GBPUSD.txt,,
216,2026-06-05 04:18:39,NZD/USD,,1,,,,,,,,,,NO,4,NO_TRADE,,,,,,0216_NZDUSD.txt,,
217,2026-06-05 04:18:41,USD/CAD,,2,,,,,,,,,,NO,4,NO_TRADE,,,,,,0217_USDCAD.txt,,
218,2026-06-05 04:18:42,AUD/JPY,,1,,,,,,,,,,NO,4,NO_TRADE,,,,,,0218_AUDJPY.txt,,
219,2026-06-05 04:18:44,EUR/JPY,,1,,,,,,,,,,NO,4,NO_TRADE,,,,,,0219_EURJPY.txt,,
220,2026-06-05 04:18:45,GBP/JPY,,2,,,,,,,,,,NO,4,NO_TRADE,,,,,,0220_GBPJPY.txt,,
221,2026-06-05 04:18:47,USD/CHF,,2,,,,,,,,,,NO,4,NO_TRADE,,,,,,0221_USDCHF.txt,,
222,2026-06-05 04:18:48,EUR/GBP,,1,,,,,,,,,,NO,4,NO_TRADE,,,,,,0222_EURGBP.txt,,
223,2026-06-05 04:18:49,EUR/AUD,,1,,,,,,,,,,NO,4,NO_TRADE,,,,,,0223_EURAUD.txt,,
224,2026-06-05 04:18:50,AUD/NZD,,2,,,,,,,,,,NO,4,NO_TRADE,,,,,,0224_AUDNZD.txt,,
225,2026-06-05 04:18:52,CAD/JPY,,2,,,,,,,,,,NO,4,NO_TRADE,,,,,,0225_CADJPY.txt,,
226,2026-06-05 04:18:53,CHF/JPY,,1,,,,,,,,,,NO,4,NO_TRADE,,,,,,0226_CHFJPY.txt,,
227,2026-06-05 04:18:54,GBP/AUD,,1,,,,,,,,,,NO,4,NO_TRADE,,,,,,0227_GBPAUD.txt,,
228,2026-06-05 04:18:55,EUR/CAD,,1,,,,,,,,,,NO,4,NO_TRADE,,,,,,0228_EURCAD.txt,,
229,2026-06-05 04:18:56,NZD/JPY,,2,,,,,,,,,,NO,4,NO_TRADE,,,,,,0229_NZDJPY.txt,,
230,2026-06-05 04:18:57,AUD/CAD,,2,,,,,,,,,,NO,4,NO_TRADE,,,,,,0230_AUDCAD.txt,,
231,2026-06-05 04:18:58,EUR/CHF,,1,,,,,,,,,,NO,4,NO_TRADE,,,,,,0231_EURCHF.txt,,
232,2026-06-05 04:18:59,GBP/CAD,,1,,,,,,,,,,NO,4,NO_TRADE,,,,,,0232_GBPCAD.txt,,
233,2026-06-05 04:19:00,AUD/CHF,,2,,,,,,,,,,NO,4,NO_TRADE,,,,,,0233_AUDCHF.txt,,
234,2026-06-05 04:19:02,GBP/NZD,,1,,,,,,,,,,NO,4,NO_TRADE,,,,,,0234_GBPNZD.txt,,
235,2026-06-05 04:19:03,NZD/CAD,,1,,,,,,,,,,NO,4,NO_TRADE,,,,,,0235_NZDCAD.txt,,
236,2026-06-05 04:19:04,NZD/CHF,,1,,,,,,,,,,NO,4,NO_TRADE,,,,,,0236_NZDCHF.txt,,
237,2026-06-05 04:19:05,GBP/CHF,,1,,,,,,,,,,NO,4,NO_TRADE,,,,,,0237_GBPCHF.txt,,
238,2026-06-05 04:19:06,JPY/AUD,,1,,,,,,,,,,NO,4,NO_TRADE,,,,,,0238_JPYAUD.txt,,
239,2026-06-05 04:19:08,JPY/NZD,,1,,,,,,,,,,NO,4,NO_TRADE,,,,,,0239_JPYNZD.txt,,
240,2026-06-05 04:19:09,NZD/AUD,,1,,,,,,,,,,NO,4,NO_TRADE,,,,,,0240_NZDAUD.txt,,
241,2026-06-05 04:19:10,AUD/EUR,,2,,,,,,,,,,NO,4,NO_TRADE,,,,,,0241_AUDEUR.txt,,
242,2026-06-05 04:19:12,AUD/GBP,,2,,,,,,,,,,NO,4,NO_TRADE,,,,,,0242_AUDGBP.txt,,
243,2026-06-05 04:19:13,CAD/AUD,,1,,,,,,,,,,NO,4,NO_TRADE,,,,,,0243_CADAUD.txt,,
244,2026-06-05 04:19:14,CAD/NZD,,1,,,,,,,,,,NO,4,NO_TRADE,,,,,,0244_CADNZD.txt,,
245,2026-06-05 04:19:16,CHF/AUD,,1,,,,,,,,,,NO,4,NO_TRADE,,,,,,0245_CHFAUD.txt,,
246,2026-06-05 04:19:17,CHF/NZD,,1,,,,,,,,,,NO,4,NO_TRADE,,,,,,0246_CHFNZD.txt,,
247,2026-06-05 04:19:18,EUR/NZD,,1,,,,,,,,,,NO,4,NO_TRADE,,,,,,0247_EURNZD.txt,,
248,2026-06-05 04:19:19,JPY/CAD,,1,,,,,,,,,,NO,4,NO_TRADE,,,,,,0248_JPYCAD.txt,,
249,2026-06-05 04:19:20,JPY/CHF,,2,,,,,,,,,,NO,4,NO_TRADE,,,,,,0249_JPYCHF.txt,,
250,2026-06-05 04:19:21,JPY/EUR,,1,,,,,,,,,,NO,4,NO_TRADE,,,,,,0250_JPYEUR.txt,,
251,2026-06-05 04:19:22,JPY/GBP,,1,,,,,,,,,,NO,4,NO_TRADE,,,,,,0251_JPYGBP.txt,,
252,2026-06-05 04:19:24,JPY/USD,,1,,,,,,,,,,NO,4,NO_TRADE,,,,,,0252_JPYUSD.txt,,
253,2026-06-05 04:19:25,NZD/EUR,,1,,,,,,,,,,NO,4,NO_TRADE,,,,,,0253_NZDEUR.txt,,
254,2026-06-05 04:19:26,NZD/GBP,,1,,,,,,,,,,NO,4,NO_TRADE,,,,,,0254_NZDGBP.txt,,
255,2026-06-05 04:19:27,USD/AUD,,1,,,,,,,,,,NO,4,NO_TRADE,,,,,,0255_USDAUD.txt,,
256,2026-06-05 04:19:28,USD/NZD,,2,,,,,,,,,,NO,4,NO_TRADE,,,,,,0256_USDNZD.txt,,
257,2026-06-05 04:19:29,AUD/HKD,,1,,,,,,,,,,NO,3,NO_TRADE,,,,,,0257_AUDHKD.txt,,
258,2026-06-05 04:19:30,AUD/KRW,,1,,,,,,,,,,NO,3,NO_TRADE,,,,,,0258_AUDKRW.txt,,
259,2026-06-05 04:19:32,AUD/SGD,,1,,,,,,,,,,NO,3,NO_TRADE,,,,,,0259_AUDSGD.txt,,
260,2026-06-05 04:19:33,AUD/THB,,1,,,,,,,,,,NO,3,NO_TRADE,,,,,,0260_AUDTHB.txt,,
261,2026-06-05 04:19:34,HKD/AUD,,1,,,,,,,,,,NO,3,NO_TRADE,,,,,,0261_HKDAUD.txt,,
262,2026-06-05 04:19:35,HKD/JPY,,1,,,,,,,,,,NO,3,NO_TRADE,,,,,,0262_HKDJPY.txt,,
263,2026-06-05 04:19:35,HKD/KRW,,1,,,,,,,,,,NO,3,NO_TRADE,,,,,,0263_HKDKRW.txt,,
264,2026-06-05 04:19:36,HKD/NZD,,1,,,,,,,,,,NO,3,NO_TRADE,,,,,,0264_HKDNZD.txt,,
265,2026-06-05 04:19:37,HKD/SGD,,1,,,,,,,,,,NO,3,NO_TRADE,,,,,,0265_HKDSGD.txt,,
266,2026-06-05 04:19:38,HKD/THB,,1,,,,,,,,,,NO,3,NO_TRADE,,,,,,0266_HKDTHB.txt,,
267,2026-06-05 04:19:39,JPY/HKD,,1,,,,,,,,,,NO,3,NO_TRADE,,,,,,0267_JPYHKD.txt,,
268,2026-06-05 04:19:40,JPY/KRW,,1,,,,,,,,,,NO,3,NO_TRADE,,,,,,0268_JPYKRW.txt,,
269,2026-06-05 04:19:41,JPY/SGD,,1,,,,,,,,,,NO,3,NO_TRADE,,,,,,0269_JPYSGD.txt,,
270,2026-06-05 04:19:42,JPY/THB,,1,,,,,,,,,,NO,3,NO_TRADE,,,,,,0270_JPYTHB.txt,,
271,2026-06-05 04:19:43,KRW/AUD,,1,,,,,,,,,,NO,3,NO_TRADE,,,,,,0271_KRWAUD.txt,,
272,2026-06-05 04:19:44,KRW/HKD,,1,,,,,,,,,,NO,3,NO_TRADE,,,,,,0272_KRWHKD.txt,,
273,2026-06-05 04:19:45,KRW/JPY,,1,,,,,,,,,,NO,3,NO_TRADE,,,,,,0273_KRWJPY.txt,,
274,2026-06-05 04:19:45,KRW/SGD,,1,,,,,,,,,,NO,3,NO_TRADE,,,,,,0274_KRWSGD.txt,,
275,2026-06-05 04:19:46,KRW/THB,,1,,,,,,,,,,NO,3,NO_TRADE,,,,,,0275_KRWTHB.txt,,
276,2026-06-05 04:19:47,NZD/HKD,,1,,,,,,,,,,NO,3,NO_TRADE,,,,,,0276_NZDHKD.txt,,
277,2026-06-05 04:19:48,NZD/KRW,,1,,,,,,,,,,NO,3,NO_TRADE,,,,,,0277_NZDKRW.txt,,
278,2026-06-05 04:19:50,NZD/SGD,,1,,,,,,,,,,NO,3,NO_TRADE,,,,,,0278_NZDSGD.txt,,
279,2026-06-05 04:19:51,NZD/THB,,1,,,,,,,,,,NO,3,NO_TRADE,,,,,,0279_NZDTHB.txt,,
280,2026-06-05 04:19:51,SGD/AUD,,1,,,,,,,,,,NO,3,NO_TRADE,,,,,,0280_SGDAUD.txt,,
281,2026-06-05 04:19:52,SGD/HKD,,1,,,,,,,,,,NO,3,NO_TRADE,,,,,,0281_SGDHKD.txt,,
282,2026-06-05 04:19:54,SGD/JPY,,1,,,,,,,,,,NO,3,NO_TRADE,,,,,,0282_SGDJPY.txt,,
283,2026-06-05 04:19:55,SGD/KRW,,1,,,,,,,,,,NO,3,NO_TRADE,,,,,,0283_SGDKRW.txt,,
284,2026-06-05 04:19:59,SGD/NZD,,1,,,,,,,,,,NO,3,NO_TRADE,,,,,,0284_SGDNZD.txt,,
285,2026-06-05 04:20:01,SGD/THB,,1,,,,,,,,,,NO,3,NO_TRADE,,,,,,0285_SGDTHB.txt,,
286,2026-06-05 04:20:03,THB/AUD,,1,,,,,,,,,,NO,3,NO_TRADE,,,,,,0286_THBAUD.txt,,
287,2026-06-05 05:18:12,USD/JPY,,2,,,,,,,,,,NO,4,NO_TRADE,,,,,,0287_USDJPY.txt,,
288,2026-06-05 05:18:14,EUR/USD,,1,,,,,,,,,,NO,4,NO_TRADE,,,,,,0288_EURUSD.txt,,
289,2026-06-05 05:18:16,GBP/USD,,1,,,,,,,,,,NO,4,NO_TRADE,,,,,,0289_GBPUSD.txt,,
290,2026-06-05 05:18:19,AUD/USD,,2,,,,,,,,,,NO,4,NO_TRADE,,,,,,0290_AUDUSD.txt,,
291,2026-06-05 05:18:21,NZD/USD,,1,,,,,,,,,,NO,4,NO_TRADE,,,,,,0291_NZDUSD.txt,,
292,2026-06-05 05:18:23,USD/CAD,,2,,,,,,,,,,NO,4,NO_TRADE,,,,,,0292_USDCAD.txt,,
293,2026-06-05 05:18:24,EUR/JPY,,1,,,,,,,,,,NO,4,NO_TRADE,,,,,,0293_EURJPY.txt,,
294,2026-06-05 05:18:25,GBP/JPY,,2,,,,,,,,,,NO,4,NO_TRADE,,,,,,0294_GBPJPY.txt,,
295,2026-06-05 05:18:26,AUD/JPY,,1,,,,,,,,,,NO,4,NO_TRADE,,,,,,0295_AUDJPY.txt,,
296,2026-06-05 05:18:30,USD/CHF,,2,,,,,,,,,,NO,4,NO_TRADE,,,,,,0296_USDCHF.txt,,
297,2026-06-05 05:18:31,EUR/GBP,,1,,,,,,,,,,NO,4,NO_TRADE,,,,,,0297_EURGBP.txt,,
298,2026-06-05 05:18:33,EUR/AUD,,1,,,,,,,,,,NO,4,NO_TRADE,,,,,,0298_EURAUD.txt,,
299,2026-06-05 05:18:34,CHF/JPY,,1,,,,,,,,,,NO,4,NO_TRADE,,,,,,0299_CHFJPY.txt,,
300,2026-06-05 05:18:35,GBP/AUD,,1,,,,,,,,,,NO,4,NO_TRADE,,,,,,0300_GBPAUD.txt,,
301,2026-06-05 05:18:36,AUD/NZD,,2,,,,,,,,,,NO,4,NO_TRADE,,,,,,0301_AUDNZD.txt,,
302,2026-06-05 05:18:38,EUR/CAD,,1,,,,,,,,,,NO,4,NO_TRADE,,,,,,0302_EURCAD.txt,,
303,2026-06-05 05:18:39,CAD/JPY,,1,,,,,,,,,,NO,4,NO_TRADE,,,,,,0303_CADJPY.txt,,
304,2026-06-05 05:18:40,EUR/CHF,,1,,,,,,,,,,NO,4,NO_TRADE,,,,,,0304_EURCHF.txt,,
305,2026-06-05 05:18:41,NZD/JPY,,2,,,,,,,,,,NO,4,NO_TRADE,,,,,,0305_NZDJPY.txt,,
306,2026-06-05 05:18:42,GBP/CAD,,1,,,,,,,,,,NO,4,NO_TRADE,,,,,,0306_GBPCAD.txt,,
307,2026-06-05 05:18:43,AUD/CAD,,1,,,,,,,,,,NO,4,NO_TRADE,,,,,,0307_AUDCAD.txt,,
308,2026-06-05 05:18:45,AUD/CHF,,2,,,,,,,,,,NO,4,NO_TRADE,,,,,,0308_AUDCHF.txt,,
309,2026-06-05 05:18:46,GBP/NZD,,1,,,,,,,,,,NO,4,NO_TRADE,,,,,,0309_GBPNZD.txt,,
310,2026-06-05 05:18:48,NZD/CHF,,1,,,,,,,,,,NO,4,NO_TRADE,,,,,,0310_NZDCHF.txt,,
311,2026-06-05 05:18:49,NZD/CAD,,1,,,,,,,,,,NO,4,NO_TRADE,,,,,,0311_NZDCAD.txt,,
312,2026-06-05 05:18:50,GBP/CHF,,1,,,,,,,,,,NO,4,NO_TRADE,,,,,,0312_GBPCHF.txt,,
313,2026-06-05 05:18:51,JPY/AUD,,1,,,,,,,,,,NO,4,NO_TRADE,,,,,,0313_JPYAUD.txt,,
314,2026-06-05 05:18:53,JPY/NZD,,2,,,,,,,,,,NO,4,NO_TRADE,,,,,,0314_JPYNZD.txt,,
315,2026-06-05 05:18:54,NZD/AUD,,1,,,,,,,,,,NO,4,NO_TRADE,,,,,,0315_NZDAUD.txt,,
316,2026-06-05 05:18:56,AUD/EUR,,2,,,,,,,,,,NO,4,NO_TRADE,,,,,,0316_AUDEUR.txt,,
317,2026-06-05 05:18:57,AUD/GBP,,2,,,,,,,,,,NO,4,NO_TRADE,,,,,,0317_AUDGBP.txt,,
318,2026-06-05 05:18:58,CHF/AUD,,1,,,,,,,,,,NO,4,NO_TRADE,,,,,,0318_CHFAUD.txt,,
319,2026-06-05 05:18:59,CHF/NZD,,1,,,,,,,,,,NO,4,NO_TRADE,,,,,,0319_CHFNZD.txt,,
320,2026-06-05 05:19:00,EUR/NZD,,1,,,,,,,,,,NO,4,NO_TRADE,,,,,,0320_EURNZD.txt,,
321,2026-06-05 05:19:02,JPY/CHF,,2,,,,,,,,,,NO,4,NO_TRADE,,,,,,0321_JPYCHF.txt,,
322,2026-06-05 05:19:04,JPY/EUR,,1,,,,,,,,,,NO,4,NO_TRADE,,,,,,0322_JPYEUR.txt,,
323,2026-06-05 05:19:05,JPY/GBP,,1,,,,,,,,,,NO,4,NO_TRADE,,,,,,0323_JPYGBP.txt,,
324,2026-06-05 05:19:07,NZD/EUR,,1,,,,,,,,,,NO,4,NO_TRADE,,,,,,0324_NZDEUR.txt,,
325,2026-06-05 05:19:09,NZD/GBP,,1,,,,,,,,,,NO,4,NO_TRADE,,,,,,0325_NZDGBP.txt,,
326,2026-06-05 05:19:11,CAD/AUD,,1,,,,,,,,,,NO,4,NO_TRADE,,,,,,0326_CADAUD.txt,,
327,2026-06-05 05:19:12,CAD/NZD,,1,,,,,,,,,,NO,4,NO_TRADE,,,,,,0327_CADNZD.txt,,
328,2026-06-05 05:19:13,JPY/CAD,,1,,,,,,,,,,NO,4,NO_TRADE,,,,,,0328_JPYCAD.txt,,
329,2026-06-05 05:19:14,JPY/USD,,1,,,,,,,,,,NO,4,NO_TRADE,,,,,,0329_JPYUSD.txt,,
330,2026-06-05 05:19:15,USD/AUD,,1,,,,,,,,,,NO,4,NO_TRADE,,,,,,0330_USDAUD.txt,,
331,2026-06-05 05:19:17,USD/NZD,,2,,,,,,,,,,NO,4,NO_TRADE,,,,,,0331_USDNZD.txt,,
332,2026-06-05 05:19:18,CHF/EUR,,1,,,,,,,,,,NO,4,NO_TRADE,,,,,,0332_CHFEUR.txt,,
333,2026-06-05 05:19:19,CHF/GBP,,1,,,,,,,,,,NO,4,NO_TRADE,,,,,,0333_CHFGBP.txt,,
334,2026-06-05 05:19:20,GBP/EUR,,1,,,,,,,,,,NO,4,NO_TRADE,,,,,,0334_GBPEUR.txt,,
335,2026-06-05 05:19:28,AUD/HKD,,1,,,,,,,,,,NO,3,NO_TRADE,,,,,,0335_AUDHKD.txt,,
336,2026-06-05 05:19:29,AUD/KRW,,1,,,,,,,,,,NO,3,NO_TRADE,,,,,,0336_AUDKRW.txt,,
337,2026-06-05 05:19:30,AUD/SGD,,1,,,,,,,,,,NO,3,NO_TRADE,,,,,,0337_AUDSGD.txt,,
338,2026-06-05 05:19:31,AUD/THB,,1,,,,,,,,,,NO,3,NO_TRADE,,,,,,0338_AUDTHB.txt,,
339,2026-06-05 05:19:33,HKD/AUD,,1,,,,,,,,,,NO,3,NO_TRADE,,,,,,0339_HKDAUD.txt,,
340,2026-06-05 05:19:34,HKD/JPY,,1,,,,,,,,,,NO,3,NO_TRADE,,,,,,0340_HKDJPY.txt,,
341,2026-06-05 05:19:39,HKD/KRW,,1,,,,,,,,,,NO,3,NO_TRADE,,,,,,0341_HKDKRW.txt,,
342,2026-06-05 05:19:40,HKD/NZD,,1,,,,,,,,,,NO,3,NO_TRADE,,,,,,0342_HKDNZD.txt,,
343,2026-06-05 05:19:41,HKD/SGD,,1,,,,,,,,,,NO,3,NO_TRADE,,,,,,0343_HKDSGD.txt,,
344,2026-06-05 05:19:42,HKD/THB,,1,,,,,,,,,,NO,3,NO_TRADE,,,,,,0344_HKDTHB.txt,,
345,2026-06-05 05:19:43,JPY/HKD,,1,,,,,,,,,,NO,3,NO_TRADE,,,,,,0345_JPYHKD.txt,,
346,2026-06-05 05:19:44,JPY/KRW,,1,,,,,,,,,,NO,3,NO_TRADE,,,,,,0346_JPYKRW.txt,,
347,2026-06-05 05:19:45,JPY/SGD,,1,,,,,,,,,,NO,3,NO_TRADE,,,,,,0347_JPYSGD.txt,,
348,2026-06-05 05:19:46,JPY/THB,,1,,,,,,,,,,NO,3,NO_TRADE,,,,,,0348_JPYTHB.txt,,
349,2026-06-05 05:19:47,KRW/AUD,,1,,,,,,,,,,NO,3,NO_TRADE,,,,,,0349_KRWAUD.txt,,
350,2026-06-05 05:19:48,KRW/HKD,,1,,,,,,,,,,NO,3,NO_TRADE,,,,,,0350_KRWHKD.txt,,
351,2026-06-05 05:19:49,KRW/JPY,,1,,,,,,,,,,NO,3,NO_TRADE,,,,,,0351_KRWJPY.txt,,
352,2026-06-05 05:19:50,KRW/SGD,,1,,,,,,,,,,NO,3,NO_TRADE,,,,,,0352_KRWSGD.txt,,
353,2026-06-05 05:19:51,KRW/THB,,1,,,,,,,,,,NO,3,NO_TRADE,,,,,,0353_KRWTHB.txt,,
354,2026-06-05 05:19:52,NZD/HKD,,1,,,,,,,,,,NO,3,NO_TRADE,,,,,,0354_NZDHKD.txt,,
355,2026-06-05 05:19:53,NZD/KRW,,1,,,,,,,,,,NO,3,NO_TRADE,,,,,,0355_NZDKRW.txt,,
356,2026-06-05 05:19:57,NZD/SGD,,1,,,,,,,,,,NO,3,NO_TRADE,,,,,,0356_NZDSGD.txt,,
357,2026-06-05 05:19:58,NZD/THB,,1,,,,,,,,,,NO,3,NO_TRADE,,,,,,0357_NZDTHB.txt,,
358,2026-06-05 05:19:59,SGD/AUD,,1,,,,,,,,,,NO,3,NO_TRADE,,,,,,0358_SGDAUD.txt,,
359,2026-06-05 05:20:00,SGD/HKD,,1,,,,,,,,,,NO,3,NO_TRADE,,,,,,0359_SGDHKD.txt,,
360,2026-06-05 05:20:01,SGD/JPY,,1,,,,,,,,,,NO,3,NO_TRADE,,,,,,0360_SGDJPY.txt,,
361,2026-06-05 05:20:02,SGD/KRW,,1,,,,,,,,,,NO,3,NO_TRADE,,,,,,0361_SGDKRW.txt,,
